,CPI_YoY,Zscore,Inflation_Regime
1913-01-31,,,0
1913-02-28,,,0
1913-03-31,,,0
1913-04-30,,,0
1913-05-31,,,0
1913-06-30,,,0
1913-07-31,,,0
1913-08-31,,,0
1913-09-30,,,0
1913-10-31,,,0
1913-11-30,,,0
1913-12-31,,,0
1914-01-31,2.0408163265306145,,0
1914-02-28,1.0204081632652962,,0
1914-03-31,1.0204081632652962,,0
1914-04-30,0.0,,0
1914-05-31,2.061855670103108,,0
1914-06-30,1.0204081632652962,,0
1914-07-31,1.0101010101010166,,0
1914-08-31,3.030303030303028,,0
1914-09-30,2.0000000000000018,,0
1914-10-31,1.0000000000000009,,0
1914-11-30,0.990099009900991,,0
1914-12-31,1.0000000000000009,,0
1915-01-31,1.0000000000000009,,0
1915-02-28,1.0101010101010166,,0
1915-03-31,0.0,,0
1915-04-30,2.0408163265306145,,0
1915-05-31,2.020202020202011,,0
1915-06-30,2.020202020202011,,0
1915-07-31,1.0000000000000009,,0
1915-08-31,-0.9803921568627416,,0
1915-09-30,-0.9803921568627416,,0
1915-10-31,0.990099009900991,,0
1915-11-30,0.9803921568627638,,0
1915-12-31,1.980198019801982,,0
1916-01-31,2.970297029702973,,0
1916-02-29,4.000000000000004,,0
1916-03-31,6.060606060606055,,0
1916-04-30,6.000000000000005,,0
1916-05-31,5.940594059405946,,0
1916-06-30,6.930693069306937,,0
1916-07-31,6.930693069306937,,0
1916-08-31,7.920792079207928,,0
1916-09-30,9.90099009900991,,0
1916-10-31,10.784313725490202,,0
1916-11-30,11.6504854368932,,0
1916-12-31,12.621359223300963,,0
1917-01-31,12.5,,0
1917-02-28,15.384615384615374,,0
1917-03-31,14.28571428571428,,0
1917-04-30,18.867924528301884,,0
1917-05-31,19.62616822429908,,0
1917-06-30,20.37037037037037,,0
1917-07-31,18.518518518518512,,0
1917-08-31,19.266055045871557,,0
1917-09-30,19.81981981981984,,0
1917-10-31,19.469026548672552,,0
1917-11-30,17.391304347826097,,0
1917-12-31,18.10344827586208,,0
1918-01-31,19.658119658119656,,0
1918-02-28,17.500000000000004,,0
1918-03-31,16.666666666666675,,0
1918-04-30,12.698412698412698,,0
1918-05-31,13.28125,,0
1918-06-30,13.076923076923077,,0
1918-07-31,17.96875,,0
1918-08-31,18.461538461538463,,0
1918-09-30,18.045112781954884,,0
1918-10-31,18.518518518518512,,0
1918-11-30,20.740740740740748,,0
1918-12-31,20.43795620437956,1.4799343179310942,1
1919-01-31,17.85714285714286,1.1080104850173753,1
1919-02-28,14.893617021276585,0.7002617686361878,0
1919-03-31,17.142857142857125,0.9592546970961112,0
1919-04-30,17.6056338028169,0.9867379666197671,0
1919-05-31,16.551724137931025,0.8205187598764144,0
1919-06-30,14.965986394557817,0.5879734012216096,0
1919-07-31,15.231788079470189,0.5981927867231479,0
1919-08-31,14.935064935064934,0.5355773445026663,0
1919-09-30,13.375796178343968,0.303521988566359,0
1919-10-31,13.125000000000009,0.24573064176421466,0
1919-11-30,13.496932515337411,0.27311607521112435,0
1919-12-31,14.545454545454527,0.3962836364342535,0
1920-01-31,16.96969696969697,0.7180978432997758,0
1920-02-29,20.37037037037037,1.1802480654120546,1
1920-03-31,20.12195121951219,1.114826329420613,1
1920-04-30,21.55688622754493,1.2921720524247604,1
1920-05-31,21.89349112426038,1.3056353658779312,1
1920-06-30,23.66863905325445,1.5314980586948983,1
1920-07-31,19.54022988505748,0.8716762042157639,0
1920-08-31,14.689265536723164,0.06524323384924856,0
1920-09-30,12.35955056179774,-0.38175510451777567,0
1920-10-31,9.944751381215443,-0.8733944943877806,0
1920-11-30,7.027027027027022,-1.488324309989293,0
1920-12-31,2.645502645502651,-2.34483099380961,0
1921-01-31,-1.5544041450777255,-3.0226305620961034,0
1921-02-28,-5.641025641025643,-3.462560031347489,0
1921-03-31,-7.106598984771562,-3.360975432101277,0
1921-04-30,-10.83743842364532,-3.513978030013496,0
1921-05-31,-14.077669902912628,-3.5201713516989344,0
1921-06-30,-15.78947368421051,-3.337369032490667,0
1921-07-31,-14.903846153846157,-2.957339707985332,0
1921-08-31,-12.80788177339902,-2.5490273624182125,0
1921-09-30,-12.5,-2.3601644669103083,0
1921-10-31,-12.060301507537686,-2.1862752293291927,0
1921-11-30,-12.121212121212132,-2.0741845087946205,0
1921-12-31,-10.824742268041232,-1.8672572918281132,0
1922-01-31,-11.05263157894738,-1.8009050554346386,0
1922-02-28,-8.15217391304348,-1.5001946489640112,0
1922-03-31,-8.743169398907114,-1.4891170946577736,0
1922-04-30,-7.734806629834267,-1.357255714382253,0
1922-05-31,-5.649717514124298,-1.152579996574609,0
1922-06-30,-5.113636363636376,-1.073799225845247,0
1922-07-31,-5.0847457627118615,-1.0364680527536356,0
1922-08-31,-6.214689265536711,-1.087125347623854,0
1922-09-30,-5.142857142857138,-0.9711208396178641,0
1922-10-31,-4.571428571428571,-0.8963661209953393,0
1922-11-30,-3.44827586206895,-0.7826137784853933,0
1922-12-31,-2.3121387283237094,-0.6700946688025148,0
1923-01-31,-0.5917159763313529,-0.5136498262139815,0
1923-02-28,-0.5917159763313529,-0.49248011146587284,0
1923-03-31,0.5988023952095967,-0.37965128026255596,0
1923-04-30,1.197604790419149,-0.31772267913637964,0
1923-05-31,1.197604790419149,-0.3025836217533099,0
1923-06-30,1.7964071856287456,-0.24074433128200814,0
1923-07-31,2.3809523809523725,-0.17500913451445382,0
1923-08-31,3.0120481927710774,-0.10458406635087934,0
1923-09-30,3.61445783132528,-0.03636449876832846,0
1923-10-31,3.592814371257491,-0.01789416380881671,0
1923-11-30,2.9761904761904656,-0.04538521483612419,0
1923-12-31,2.366863905325456,-0.07281032510629876,0
1924-01-31,2.9761904761904656,0.0012146837384284508,0
1924-02-29,2.3809523809523725,-0.03294628251979659,0
1924-03-31,1.7857142857142794,-0.06382276635131445,0
1924-04-30,0.591715976331364,-0.1477469248935514,0
1924-05-31,0.591715976331364,-0.1253636939155697,0
1924-06-30,0.0,-0.1589566044098224,0
1924-07-31,-0.5813953488371992,-0.1912992571154634,0
1924-08-31,-0.5847953216374324,-0.16945575548715494,0
1924-09-30,-0.5813953488371992,-0.14849483267102634,0
1924-10-31,-0.5780346820809301,-0.12747120461454992,0
1924-11-30,-0.5780346820809301,-0.1058023064466217,0
1924-12-31,0.0,-0.024252033750740816,0
1925-01-31,0.0,0.004613068265246011,0
1925-02-28,0.0,0.04167686364989661,0
1925-03-31,1.1695906432748426,0.21220117809579558,0
1925-04-30,1.17647058823529,0.2664780772779651,0
1925-05-31,1.764705882352935,0.40448304074454916,0
1925-06-30,2.941176470588225,0.6604895248253122,0
1925-07-31,3.50877192982455,0.842700652558902,0
1925-08-31,4.117647058823515,1.013312248104404,1
1925-09-30,3.50877192982455,0.9785465723654755,0
1925-10-31,2.906976744186052,0.92493762873407,0
1925-11-30,4.651162790697683,1.2467394370646023,1
1925-12-31,3.4682080924855363,1.034735599620528,1
1926-01-31,3.4682080924855363,1.0112946506333975,1
1926-02-28,4.06976744186045,1.0794670619386209,1
1926-03-31,2.8901734104046284,0.8479402157707254,0
1926-04-30,4.06976744186045,1.01923670408458,1
1926-05-31,2.8901734104046284,0.7926621782411438,0
1926-06-30,1.1428571428571344,0.4529738728939481,0
1926-07-31,-1.1299435028248594,-0.026601444770533538,0
1926-08-31,-1.6949152542372947,-0.18870553763138526,0
1926-09-30,-1.1299435028248594,-0.11463752033485661,0
1926-10-31,-0.5649717514124131,-0.03187280243859089,0
1926-11-30,-1.6666666666666718,-0.365118118447176,0
1926-12-31,-1.1173184357541888,-0.28341101974485744,0
1927-01-31,-2.234636871508377,-0.6892858581583773,0
1927-02-28,-2.793296089385477,-0.9285323652812425,0
1927-03-31,-2.80898876404494,-1.0286564738851451,0
1927-04-30,-3.351955307262555,-1.3023957825555055,0
1927-05-31,-2.247191011235972,-0.9602969524404604,0
1927-06-30,-0.5649717514124131,-0.383627975132631,0
1927-07-31,-1.1428571428571344,-0.6513310774698793,0
1927-08-31,-1.1494252873563204,-0.7296281224333119,0
1927-09-30,-1.1428571428571344,-0.7910176717153509,0
1927-10-31,-1.1363636363636576,-0.8476068097347156,0
1927-11-30,-2.259887005649708,-1.391339121667007,0
1927-12-31,-2.259887005649708,-1.392547015675521,0
1928-01-31,-1.1428571428571344,-0.8667374771420476,0
1928-02-29,-1.724137931034464,-1.1184762740000986,0
1928-03-31,-1.1560693641618491,-0.8389659644364837,0
1928-04-30,-1.1560693641618491,-0.816712444120773,0
1928-05-31,-1.1494252873563204,-0.7920483249174143,0
1928-06-30,-2.840909090909094,-1.4957338780654985,0
1928-07-31,-1.1560693641618491,-0.7219982024540839,0
1928-08-31,-0.5813953488371992,-0.4438714745945441,0
1928-09-30,0.0,-0.15852361666063033,0
1928-10-31,-1.1494252873563204,-0.6581881350390016,0
1928-11-30,-0.5780346820809301,-0.3699260515177586,0
1928-12-31,-1.1560693641618491,-0.6176975173766509,0
1929-01-31,-1.1560693641618491,-0.592545655620477,0
1929-02-28,0.0,-0.01990951821150171,0
1929-03-31,-0.5847953216374324,-0.2854762222980239,0
1929-04-30,-1.1695906432748648,-0.5547945429751576,0
1929-05-31,-1.1627906976744096,-0.5363679378014048,0
1929-06-30,0.0,0.027639654538872214,0
1929-07-31,1.1695906432748426,0.5794306186636632,0
1929-08-31,1.1695906432748426,0.5640822086795213,0
1929-09-30,0.0,-0.005377826882002749,0
1929-10-31,0.5813953488372103,0.26624657429753074,0
1929-11-30,0.5813953488372103,0.25695352830742607,0
1929-12-31,0.5847953216374213,0.2537462868029088,0
1930-01-31,0.0,-0.02875440079514149,0
1930-02-28,-0.5847953216374324,-0.3063009635129221,0
1930-03-31,-0.5882352941176561,-0.2943426196630902,0
1930-04-30,0.591715976331364,0.28149947606644504,0
1930-05-31,-0.5882352941176561,-0.2727427953843149,0
1930-06-30,-1.7543859649122862,-0.8130423591489565,0
1930-07-31,-4.046242774566466,-1.8760568796746546,0
1930-08-31,-4.624277456647407,-2.0926604996445404,0
1930-09-30,-4.046242774566466,-1.7551556770182262,0
1930-10-31,-4.624277456647407,-1.9615420839912732,0
1930-11-30,-5.202312138728338,-2.203821443512754,0
1930-12-31,-6.395348837209292,-2.653722461894893,0
1931-01-31,-7.017543859649134,-2.7873784120727865,0
1931-02-28,-7.647058823529418,-2.9213362401890093,0
1931-03-31,-7.692307692307687,-2.7584913056426723,0
1931-04-30,-8.823529411764708,-3.0667990003954695,0
1931-05-31,-9.467455621301768,-3.0841619540024086,0
1931-06-30,-10.119047619047628,-3.042857132587864,0
1931-07-31,-9.036144578313266,-2.447266759071715,0
1931-08-31,-8.484848484848484,-2.1211933615248433,0
1931-09-30,-9.63855421686748,-2.354200791281549,0
1931-10-31,-9.696969696969692,-2.22936955539303,0
1931-11-30,-10.365853658536585,-2.2866057940797644,0
1931-12-31,-9.316770186335413,-1.8733033955188068,0
1932-01-31,-10.062893081761004,-1.9838233405625891,0
1932-02-29,-10.191082802547768,-1.9211262144324948,0
1932-03-31,-10.256410256410254,-1.848236285173818,0
1932-04-30,-10.322580645161285,-1.7838955009584436,0
1932-05-31,-10.457516339869288,-1.7377673732987122,0
1932-06-30,-9.93377483443708,-1.5415582901321667,0
1932-07-31,-9.93377483443708,-1.4816850925857397,0
1932-08-31,-10.596026490066224,-1.5762415536523433,0
1932-09-30,-10.666666666666668,-1.529739714304338,0
1932-10-31,-10.738255033557042,-1.4864961164977561,0
1932-11-30,-10.20408163265306,-1.3142311616022808,0
1932-12-31,-10.273972602739722,-1.283889736961378,0
1933-01-31,-9.790209790209792,-1.1348834133226264,0
1933-02-28,-9.9290780141844,-1.1273931338036083,0
1933-03-31,-9.999999999999998,-1.1052019582315649,0
1933-04-30,-9.35251798561152,-0.9296120822546499,0
1933-05-31,-8.029197080291972,-0.6119271359370192,0
1933-06-30,-6.617647058823528,-0.2831550176022036,0
1933-07-31,-3.676470588235292,0.3868117746658706,0
1933-08-31,-2.222222222222225,0.7245532076254523,0
1933-09-30,-1.49253731343284,0.9009351707911413,0
1933-10-31,-0.7518796992481258,1.0665171165179552,1
1933-11-30,0.0,1.2321693260791753,1
1933-12-31,0.7633587786259444,1.3860634184060308,1
1934-01-31,2.325581395348819,1.694572620706462,1
1934-02-28,4.724409448818912,2.1440920803648726,1
1934-03-31,5.555555555555558,2.2200640440193875,1
1934-04-30,5.555555555555558,2.122370164823405,1
1934-05-31,5.555555555555558,2.034301215539311,1
1934-06-30,5.51181102362206,1.9561558637676926,1
1934-07-31,2.290076335877877,1.3380708115799251,1
1934-08-31,1.5151515151515138,1.1897251142581586,1
1934-09-30,3.030303030303028,1.4483734879370975,1
1934-10-31,2.2727272727272707,1.2945495892979322,1
1934-11-30,2.2727272727272707,1.2816652704834455,1
1934-12-31,1.5151515151515138,1.1363384506890428,1
1935-01-31,3.030303030303028,1.3895846978120667,1
1935-02-28,3.007518796992481,1.358912295724371,1
1935-03-31,3.007518796992481,1.333267062367273,1
1935-04-30,3.759398496240607,1.4409049221802392,1
1935-05-31,3.759398496240607,1.409193183205506,1
1935-06-30,2.238805970149249,1.1246899123308571,1
1935-07-31,2.238805970149249,1.0952867423871764,1
1935-08-31,2.238805970149249,1.0653821257082505,1
1935-09-30,0.7352941176470562,0.7955454776921237,0
1935-10-31,1.4814814814814836,0.8968017681746269,0
1935-11-30,2.2222222222222365,0.9908716507948712,0
1935-12-31,2.9850746268656803,1.0811420519409758,1
1936-01-31,1.4705882352941346,0.8089644353915414,0
1936-02-29,0.7299270072992803,0.6660867060773229,0
1936-03-31,0.0,0.5277316979483225,0
1936-04-30,-0.7246376811594346,0.3901704211203126,0
1936-05-31,-0.7246376811594346,0.36935925040048967,0
1936-06-30,0.7299270072992803,0.5848482016668026,0
1936-07-31,1.4598540145985384,0.68093292829038,0
1936-08-31,2.189781021897818,0.7758183633832298,0
1936-09-30,2.189781021897818,0.7486313581096254,0
1936-10-31,2.189781021897818,0.7218782345127955,0
1936-11-30,1.4492753623188248,0.5701610177076977,0
1936-12-31,1.4492753623188248,0.5456239952633838,0
1937-01-31,2.1739130434782483,0.6470026788357951,0
1937-02-28,2.1739130434782483,0.62135607184271,0
1937-03-31,3.649635036496357,0.8618820752970336,0
1937-04-30,4.379562043795637,0.9687105526612717,0
1937-05-31,5.109489051094895,1.0778273339220599,1
1937-06-30,4.347826086956519,0.905707301592491,0
1937-07-31,4.316546762589923,0.8748373126204037,0
1937-08-31,3.571428571428581,0.7025655290061481,0
1937-09-30,4.285714285714293,0.8323079347200003,0
1937-10-31,4.285714285714293,0.8160375800791008,0
1937-11-30,3.571428571428581,0.6337472177507013,0
1937-12-31,2.857142857142869,0.43739751327563153,0
1938-01-31,0.7092198581560183,-0.1687344947505489,0
1938-02-28,0.0,-0.4471907392023753,0
1938-03-31,-0.7042253521126751,-0.7870654048998574,0
1938-04-30,-0.6993006993007089,-0.9454620250160222,0
1938-05-31,-2.083333333333337,-1.6884333752028686,0
1938-06-30,-2.083333333333337,-1.8936843734816446,0
1938-07-31,-2.758620689655178,-2.257232638217107,0
1938-08-31,-2.758620689655178,-2.232486841132752,0
1938-09-30,-3.424657534246578,-2.4540065559985664,0
1938-10-31,-4.109589041095885,-2.6101908418272206,0
1938-11-30,-3.4482758620689613,-2.2108997652354714,0
1938-12-31,-2.777777777777779,-1.8509578764996908,0
1939-01-31,-1.4084507042253502,-1.2508574514305482,0
1939-02-28,-1.4184397163120477,-1.2137514082353247,0
1939-03-31,-1.4184397163120477,-1.1789545052086496,0
1939-04-30,-2.8169014084506894,-1.6887929004485138,0
1939-05-31,-2.127659574468077,-1.3698582297226778,0
1939-06-30,-2.127659574468077,-1.3334463939884036,0
1939-07-31,-2.127659574468077,-1.2869410744710834,0
1939-08-31,-2.127659574468077,-1.245536581668632,0
1939-09-30,0.0,-0.3668660737538849,0
1939-10-31,0.0,-0.35204322623246226,0
1939-11-30,0.0,-0.3372552724115278,0
1939-12-31,0.0,-0.3268815443412751,0
1940-01-31,-0.7142857142857117,-0.5949834966955821,0
1940-02-29,0.7194244604316502,0.0073777846860483,0
1940-03-31,0.7194244604316502,0.02328240214466476,0
1940-04-30,1.4492753623188248,0.3471943310086542,0
1940-05-31,1.4492753623188248,0.3685617076998374,0
1940-06-30,2.1739130434782483,0.6787570828160601,0
1940-07-31,1.4492753623188248,0.3759298884149894,0
1940-08-31,1.4492753623188248,0.3827745091961528,0
1940-09-30,-0.7092198581560294,-0.5336242480990393,0
1940-10-31,0.0,-0.21906221325959171,0
1940-11-30,0.0,-0.2040399443531901,0
1940-12-31,0.7142857142857117,0.12150095842655438,0
1941-01-31,1.4388489208633004,0.4373780293663715,0
1941-02-28,0.7142857142857117,0.12185936558164356,0
1941-03-31,1.4285714285714235,0.42212955148762693,0
1941-04-30,2.142857142857157,0.7106333978261935,0
1941-05-31,2.857142857142869,0.9888638695244003,0
1941-06-30,4.255319148936176,1.5348476000153595,1
1941-07-31,5.000000000000004,1.776308242720725,1
1941-08-31,6.428571428571428,2.239356883931608,1
1941-09-30,7.857142857142851,2.6061442941037316,1
1941-10-31,9.285714285714295,2.871338290796355,1
1941-11-30,10.000000000000009,2.8469595358905107,1
1941-12-31,9.92907801418439,2.610896231392921,1
1942-01-31,11.347517730496447,2.7861670404952075,1
1942-02-28,12.056737588652489,2.74270448920617,1
1942-03-31,12.676056338028175,2.6878547343885377,1
1942-04-30,12.587412587412585,2.496335287111374,1
1942-05-31,13.194444444444445,2.4768158378126883,1
1942-06-30,10.88435374149661,1.8859976571930521,1
1942-07-31,11.564625850340128,1.9435024429612497,1
1942-08-31,10.738255033557053,1.7036909838604377,1
1942-09-30,9.27152317880795,1.3685344453621502,1
1942-10-31,9.15032679738561,1.309894825339284,1
1942-11-30,9.090909090909085,1.2628220289268919,1
1942-12-31,9.03225806451613,1.215651339259056,1
1943-01-31,7.643312101910826,0.9212325041676855,0
1943-02-28,6.962025316455689,0.7671260073032601,0
1943-03-31,7.499999999999996,0.8417800988044706,0
1943-04-30,8.074534161490664,0.9204128362942668,0
1943-05-31,7.361963190184051,0.7585387337355848,0
1943-06-30,7.361963190184051,0.7320579933571918,0
1943-07-31,6.0975609756097615,0.46741201959729156,0
1943-08-31,4.8484848484848575,0.20453839122147147,0
1943-09-30,5.454545454545445,0.2990780693531483,0
1943-10-31,4.191616766467066,0.020907103790552842,0
1943-11-30,3.5714285714285587,-0.13171102246161243,0
1943-12-31,2.9585798816567976,-0.2837937207188642,0
1944-01-31,2.9585798816567976,-0.3027628313828973,0
1944-02-29,2.9585798816567976,-0.322372265672699,0
1944-03-31,1.162790697674421,-0.727484434505348,0
1944-04-30,0.5747126436781658,-0.8821962900207019,0
1944-05-31,0.0,-1.0280636654913498,0
1944-06-30,0.5714285714285783,-0.9214434260374077,0
1944-07-31,1.7241379310344973,-0.6854601146808997,0
1944-08-31,2.3121387283236983,-0.5775746175377459,0
1944-09-30,1.7241379310344973,-0.7274074702504828,0
1944-10-31,1.7241379310344973,-0.7390166523905376,0
1944-11-30,1.7241379310344973,-0.7508474997387247,0
1944-12-31,2.298850574712663,-0.6273311680851482,0
1945-01-31,2.298850574712663,-0.6475321031355677,0
1945-02-28,2.298850574712663,-0.6576402037347877,0
1945-03-31,2.298850574712663,-0.6679119304510857,0
1945-04-30,1.7142857142857126,-0.814709964447504,0
1945-05-31,2.2857142857142687,-0.6782180827611838,0
1945-06-30,2.840909090909083,-0.543778888198618,0
1945-07-31,2.259887005649719,-0.6938736341227361,0
1945-08-31,2.259887005649719,-0.699166854440957,0
1945-09-30,2.259887005649719,-0.7214435505575124,0
1945-10-31,2.259887005649719,-0.7383350088453525,0
1945-11-30,2.259887005649719,-0.7557187645225393,0
1945-12-31,2.2471910112359383,-0.7706431045916771,0
1946-01-31,2.2471910112359383,-0.7766017000797791,0
1946-02-28,1.6853932584269593,-0.9321839827992852,0
1946-03-31,2.80898876404494,-0.6459558764199794,0
1946-04-30,3.3707865168539186,-0.504680528527538,0
1946-05-31,3.3519553072625774,-0.512523587237886,0
1946-06-30,3.3149171270718147,-0.5173346069347637,0
1946-07-31,9.392265193370154,1.0647404043860023,1
1946-08-31,11.602209944751362,1.5880124204400925,1
1946-09-30,12.707182320441968,1.8046616456770261,1
1946-10-31,14.9171270718232,2.248348511451417,1
1946-11-30,17.67955801104972,2.7203853687157604,1
1946-12-31,18.13186813186813,2.640024661543035,1
1947-01-31,18.13186813186813,2.500876172943783,1
1947-02-28,18.78453038674033,2.501203736176786,1
1947-03-31,19.67213114754096,2.5385382006631962,1
1947-04-30,19.02173913043479,2.3117266461301007,1
1947-05-31,18.37837837837837,2.1215922629523427,1
1947-06-30,17.647058823529417,1.9189550452830515,1
1947-07-31,12.12121212121211,0.96360139806534,0
1947-08-31,11.386138613861396,0.8340210769427193,0
1947-09-30,12.745098039215684,1.0495004342040595,1
1947-10-31,10.576923076923084,0.6741935410999701,0
1947-11-30,8.450704225352123,0.31449661130384104,0
1947-12-31,8.837209302325565,0.38093458328978996,0
1948-01-31,10.232558139534875,0.609392886881846,0
1948-02-29,9.302325581395344,0.44408987952142104,0
1948-03-31,6.849315068493156,0.03015771205896578,0
1948-04-30,8.675799086757996,0.337921111712788,0
1948-05-31,9.1324200913242,0.40974334871122203,0
1948-06-30,9.545454545454549,0.47261309912590727,0
1948-07-31,9.909909909909898,0.5222613736757923,0
1948-08-31,8.888888888888879,0.33883054686235853,0
1948-09-30,6.521739130434789,-0.06309863703642475,0
1948-10-31,6.0869565217391175,-0.14195599112632612,0
1948-11-30,4.761904761904745,-0.36965445607448755,0
1948-12-31,2.991452991453003,-0.669238967030649,0
1949-01-31,1.265822784810133,-0.9525908969590066,0
1949-02-28,1.276595744680864,-0.9424081714601737,0
1949-03-31,1.7094017094017255,-0.8725420485716555,0
1949-04-30,0.4201680672268892,-1.0882791994573209,0
1949-05-31,-0.4184100418409997,-1.2262411627410341,0
1949-06-30,-0.8298755186722073,-1.2853413395071809,0
1949-07-31,-2.868852459016391,-1.5877113834354593,0
1949-08-31,-2.857142857142858,-1.5461457221071935,0
1949-09-30,-2.448979591836742,-1.4501653659465734,0
1949-10-31,-2.868852459016391,-1.4840114049645656,0
1949-11-30,-1.6528925619834656,-1.2720898216799237,0
1949-12-31,-2.0746887966805017,-1.3115655043307468,0
1950-01-31,-2.083333333333337,-1.2874188413065548,0
1950-02-28,-1.260504201680679,-1.1435763599246411,0
1950-03-31,-0.8403361344537785,-1.064921854703524,0
1950-04-30,-1.2552301255229992,-1.1122891733331044,0
1950-05-31,-0.4201680672269003,-0.975686994672485,0
1950-06-30,-0.4184100418409997,-0.9616233511337763,0
1950-07-31,1.6877637130801704,-0.6487668478759324,0
1950-08-31,2.1008403361344463,-0.5873216554566506,0
1950-09-30,2.092050209205021,-0.58806320272688,0
1950-10-31,3.797468354430378,-0.3410395807480116,0
1950-11-30,3.7815126050420034,-0.34774711403303077,0
1950-12-31,5.932203389830493,-0.038804677432602755,0
1951-01-31,8.085106382978724,0.2667585657212059,0
1951-02-28,9.361702127659566,0.4386065274982802,0
1951-03-31,9.322033898305085,0.416931631161892,0
1951-04-30,9.322033898305085,0.4023414388224169,0
1951-05-31,9.282700421940929,0.3820216837782475,0
1951-06-30,8.823529411764696,0.3001463331988713,0
1951-07-31,7.468879668049788,0.10238686067100247,0
1951-08-31,6.584362139917688,-0.017660783674927738,0
1951-09-30,6.9672131147541005,0.05472705040459266,0
1951-10-31,6.5040650406503975,0.0058720167903248445,0
1951-11-30,6.882591093117396,0.09411537186134167,0
1951-12-31,6.000000000000005,-0.013618169664736886,0
1952-01-31,4.330708661417337,-0.2562787781334554,0
1952-02-29,2.3346303501945664,-0.5681912041359545,0
1952-03-31,1.9379844961240345,-0.6172541157509335,0
1952-04-30,2.325581395348819,-0.5230509521759891,0
1952-05-31,1.9305019305019264,-0.5801874629797897,0
1952-06-30,2.316602316602312,-0.47678778770331603,0
1952-07-31,3.088803088803082,-0.27982709358742514,0
1952-08-31,3.088803088803082,-0.254049313736365,0
1952-09-30,2.298850574712641,-0.4099986115049905,0
1952-10-31,1.9083969465648831,-0.4781707593865044,0
1952-11-30,1.1363636363636465,-0.641441989950664,0
1952-12-31,0.7547169811320753,-0.7086982725015735,0
1953-01-31,0.3773584905660376,-0.7758381387283819,0
1953-02-28,0.7604562737642651,-0.6531313504619827,0
1953-03-31,1.1406844106463865,-0.533645291622568,0
1953-04-30,0.7575757575757791,-0.6069791798378593,0
1953-05-31,1.1363636363636465,-0.4826454431926095,0
1953-06-30,1.132075471698113,-0.45797618407004376,0
1953-07-31,0.3745318352059934,-0.6409232102943513,0
1953-08-31,0.7490636704119868,-0.5096618474274611,0
1953-09-30,0.7490636704119868,-0.4865191793490377,0
1953-10-31,1.1235955056179805,-0.3560692518832147,0
1953-11-30,0.7490636704119868,-0.4479902674993186,0
1953-12-31,0.7490636704119868,-0.4363973808035009,0
1954-01-31,1.1278195488721776,-0.3238147455204788,0
1954-02-28,1.5094339622641506,-0.21236528630805707,0
1954-03-31,1.1278195488721776,-0.32196851978758745,0
1954-04-30,0.7518796992481258,-0.43488416744888775,0
1954-05-31,0.7490636704119868,-0.4430469538215259,0
1954-06-30,0.3731343283581934,-0.5629181883158422,0
1954-07-31,0.3731343283581934,-0.5892493336479192,0
1954-08-31,0.0,-0.7290529418586765,0
1954-09-30,-0.3717472118959009,-0.8653385447365683,0
1954-10-31,-0.7407407407407418,-1.0066563931137995,0
1954-11-30,-0.3717472118959009,-0.9033234193189957,0
1954-12-31,-0.743494423791824,-1.0384244536623994,0
1955-01-31,-0.743494423791824,-1.055379043824898,0
1955-02-28,-0.743494423791824,-1.0616388613905121,0
1955-03-31,-0.743494423791824,-1.06277909674213,0
1955-04-30,-0.3731343283582156,-0.9517332501953096,0
1955-05-31,-0.743494423791824,-1.069567293764462,0
1955-06-30,-0.743494423791824,-1.0658402501555981,0
1955-07-31,-0.3717472118959009,-0.9266977657712056,0
1955-08-31,-0.3717472118959009,-0.9069347306580785,0
1955-09-30,0.3731343283581934,-0.6550791747630312,0
1955-10-31,0.3731343283581934,-0.6356044753644866,0
1955-11-30,0.3731343283581934,-0.6164699978205929,0
1955-12-31,0.3745318352059934,-0.5915311718375181,0
1956-01-31,0.3745318352059934,-0.566387813602304,0
1956-02-29,0.3745318352059934,-0.5434907266025811,0
1956-03-31,0.3745318352059934,-0.5211651070746932,0
1956-04-30,0.7490636704119868,-0.35340389533794625,0
1956-05-31,1.1235955056179805,-0.16333435240737026,0
1956-06-30,1.8726591760299671,0.23474855931983846,0
1956-07-31,2.238805970149249,0.4883014528377811,0
1956-08-31,1.865671641791056,0.35948758852405677,0
1956-09-30,1.8587360594795488,0.44276822252449033,0
1956-10-31,2.230483271375472,0.7849656763174662,0
1956-11-30,2.230483271375472,0.9671100992215316,0
1956-12-31,2.9850746268656803,1.7983212103210575,1
1957-01-31,2.9850746268656803,1.9119017977526278,1
1957-02-28,3.3582089552238736,2.179022167328067,1
1957-03-31,3.731343283582089,2.3791888706786883,1
1957-04-30,3.7174721189590976,2.267996182087015,1
1957-05-31,3.703703703703698,2.152628242239108,1
1957-06-30,3.308823529411775,1.7896659270626356,1
1957-07-31,3.284671532846728,1.7604250276559152,1
1957-08-31,3.663003663003672,2.0204745300217817,1
1957-09-30,3.284671532846728,1.687526903041107,1
1957-10-31,2.9090909090909056,1.3726874284546946,1
1957-11-30,3.272727272727272,1.58260287273182,1
1957-12-31,2.898550724637672,1.2657815728678938,1
1958-01-31,3.6231884057970953,1.7094071291213915,1
1958-02-28,3.249097472924189,1.3937114590580613,1
1958-03-31,3.597122302158273,1.5721551262093791,1
1958-04-30,3.584229390680993,1.502957073051981,1
1958-05-31,3.214285714285703,1.2178040022157248,1
1958-06-30,2.8469750889679624,0.9501951927237546,0
1958-07-31,2.473498233215543,0.6834976212498733,0
1958-08-31,2.1201413427561766,0.4380776395798712,0
1958-09-30,2.1201413427561766,0.4232761592907485,0
1958-10-31,2.1201413427561766,0.41201689728861607,0
1958-11-30,2.1126760563380254,0.3925993534748258,0
1958-12-31,1.760563380281699,0.15219979630486954,0
1959-01-31,1.3986013986013957,-0.08737375220577664,0
1959-02-28,1.0489510489510412,-0.3107474663911726,0
1959-03-31,0.3472222222222099,-0.7574232682295855,0
1959-04-30,0.34602076124568,-0.7517082998820491,0
1959-05-31,0.34602076124568,-0.7453095059155624,0
1959-06-30,0.6920415224913601,-0.5260414001526604,0
1959-07-31,0.6896551724137945,-0.5321801111447585,0
1959-08-31,1.038062283737018,-0.31940254043472194,0
1959-09-30,1.384083044982698,-0.11353587865545386,0
1959-10-31,1.730103806228378,0.09054656415823209,0
1959-11-30,1.379310344827589,-0.16931708439194382,0
1959-12-31,1.730103806228378,0.044560415027049646,0
1960-01-31,1.0344827586207028,-0.47696557262622014,0
1960-02-29,1.730103806228378,-0.0055902623965705615,0
1960-03-31,1.730103806228378,-0.037219384011253756,0
1960-04-30,1.724137931034475,-0.07009019353365428,0
1960-05-31,1.724137931034475,-0.10592858408680697,0
1960-06-30,1.718213058419238,-0.14974557343515393,0
1960-07-31,1.3698630136986356,-0.4820879573444227,0
1960-08-31,1.3698630136986356,-0.52438753023562,0
1960-09-30,1.0238907849829282,-0.8543125571272062,0
1960-10-31,1.3605442176870763,-0.5724157703945267,0
1960-11-30,1.3605442176870763,-0.5972077644678857,0
1960-12-31,1.3605442176870763,-0.6231090997526989,0
1961-01-31,1.7064846416382284,-0.3210669343129348,0
1961-02-28,1.3605442176870763,-0.6865945546702581,0
1961-03-31,1.3605442176870763,-0.7171008099635519,0
1961-04-30,1.016949152542379,-1.075213701507101,0
1961-05-31,1.016949152542379,-1.0713973531003596,0
1961-06-30,0.6756756756756799,-1.3752185158540449,0
1961-07-31,1.3513513513513375,-0.6827728093216624,0
1961-08-31,1.0135135135135087,-0.9965459083156851,0
1961-09-30,1.3513513513513375,-0.6524481904877735,0
1961-10-31,0.6711409395973034,-1.2781452923676315,0
1961-11-30,0.6711409395973034,-1.236888736645725,0
1961-12-31,0.6711409395973034,-1.1950100090873135,0
1962-01-31,0.6711409395973034,-1.1550717567728175,0
1962-02-28,1.0067114093959662,-0.8078764830527781,0
1962-03-31,1.0067114093959662,-0.7826518912320194,0
1962-04-30,1.342281879194629,-0.4255822673012698,0
1962-05-31,1.342281879194629,-0.39868507931062525,0
1962-06-30,1.342281879194629,-0.37286276465364837,0
1962-07-31,1.0000000000000009,-0.7151273191297866,0
1962-08-31,1.3377926421404671,-0.3148242204745068,0
1962-09-30,1.3333333333333195,-0.2918369453467401,0
1962-10-31,1.3333333333333195,-0.26632927386761385,0
1962-11-30,1.3333333333333195,-0.23609409135818585,0
1962-12-31,1.3333333333333195,-0.20869638496512463,0
1963-01-31,1.3333333333333195,-0.17091383865892018,0
1963-02-28,0.9966777408637828,-0.6159908753185315,0
1963-03-31,1.3289036544850363,-0.08449673694236393,0
1963-04-30,0.9933774834437026,-0.6220328927833221,0
1963-05-31,0.9933774834437026,-0.6176849635421197,0
1963-06-30,1.324503311258285,0.106336610186177,0
1963-07-31,1.320132013201314,0.14799569637671126,0
1963-08-31,1.320132013201314,0.1857566382072726,0
1963-09-30,0.9868421052631636,-0.5983100402742193,0
1963-10-31,1.3157894736842255,0.2753290211210254,0
1963-11-30,1.3157894736842255,0.32624824386856194,0
1963-12-31,1.6447368421052655,1.2516531037125362,1
1964-01-31,1.6447368421052655,1.2273860962259855,1
1964-02-29,1.6447368421052655,1.1870952652195195,1
1964-03-31,1.3114754098360717,0.24505104773702813,0
1964-04-30,1.3114754098360717,0.21071610149535466,0
1964-05-31,1.3114754098360717,0.17320696120117932,0
1964-06-30,1.3071895424836557,0.12971079278376513,0
1964-07-31,1.3029315960912058,0.08389940556587105,0
1964-08-31,0.9771986970684045,-1.0392658547586913,0
1964-09-30,1.3029315960912058,0.0919042208405943,0
1964-10-31,0.9740259740259828,-1.015954230825532,0
1964-11-30,1.298701298701288,0.12730732471573647,0
1964-12-31,0.9708737864077666,-0.9941719896069747,0
1965-01-31,0.9708737864077666,-0.9870648044513896,0
1965-02-28,0.9708737864077666,-0.9590986118129733,0
1965-03-31,1.2944983818770297,0.24425480465266045,0
1965-04-30,1.6181229773462702,1.4704846736747745,1
1965-05-31,1.6181229773462702,1.4941146498350995,1
1965-06-30,1.935483870967736,2.605413600067988,1
1965-07-31,1.6077170418006492,1.3630769042331696,1
1965-08-31,1.935483870967736,2.3976449406714186,1
1965-09-30,1.6077170418006492,1.2204193262782157,1
1965-10-31,1.9292604501607744,2.1964337963108167,1
1965-11-30,1.6025641025640969,1.098007022099005,1
1965-12-31,1.9230769230769384,2.0364625033176096,1
1966-01-31,1.9230769230769384,1.9867522856790905,1
1966-02-28,2.564102564102577,3.4734820417735013,1
1966-03-31,2.5559105431310014,3.1025665483524114,1
1966-04-30,2.8662420382165488,3.4162497496797672,1
1966-05-31,2.8662420382165488,3.0765667774825975,1
1966-06-30,2.5316455696202445,2.2573824635019606,1
1966-07-31,2.848101265822778,2.665142701469368,1
1966-08-31,3.4810126582278444,3.402457202611353,1
1966-09-30,3.4810126582278444,3.0615318751239666,1
1966-10-31,3.785488958990535,3.1852066670913164,1
1966-11-30,3.785488958990535,2.9154206652562484,1
1966-12-31,3.459119496855334,2.331106580387495,1
1967-01-31,3.459119496855334,2.205260637122062,1
1967-02-28,2.812499999999996,1.3403555033625874,1
1967-03-31,2.8037383177569986,1.2828391456211776,1
1967-04-30,2.4767801857585203,0.8505839722533348,0
1967-05-31,2.786377708978338,1.1916670258405875,1
1967-06-30,2.777777777777768,1.1421109912379024,1
1967-07-31,2.7692307692307683,1.094351313700526,1
1967-08-31,2.4464831804281277,0.680684968214675,0
1967-09-30,2.752293577981657,1.0170748973685526,1
1967-10-31,2.4316109422492627,0.6093104946772268,0
1967-11-30,2.7355623100303816,0.9444629530387642,0
1967-12-31,3.039513677811545,1.2638557480762045,1
1968-01-31,3.647416413373872,1.8906129070621192,1
1968-02-29,3.951367781155035,2.1248802979190815,1
1968-03-31,3.939393939393932,2.001792965676721,1
1968-04-30,3.92749244712991,1.898732728015043,1
1968-05-31,3.915662650602392,1.80596897814036,1
1968-06-30,4.2042042042042205,2.002790450926716,1
1968-07-31,4.491017964071853,2.167730487845183,1
1968-08-31,4.477611940298498,2.0421985258107465,1
1968-09-30,4.464285714285721,1.9380374324979135,1
1968-10-31,4.7477744807121525,2.089561514941032,1
1968-11-30,4.7337278106508895,1.9745138574271228,1
1968-12-31,4.71976401179941,1.8677549633183852,1
1969-01-31,4.398826979472137,1.5245570998028677,1
1969-02-28,4.678362573099393,1.689512383454523,1
1969-03-31,5.247813411078739,2.060592864863097,1
1969-04-30,5.523255813953476,2.163949346459172,1
1969-05-31,5.507246376811592,2.0440419225939293,1
1969-06-30,5.475504322766556,1.9265512834941525,1
1969-07-31,5.4441260744985565,1.8213624082205786,1
1969-08-31,5.714285714285716,1.9405769065652405,1
1969-09-30,5.698005698005693,1.846838995011639,1
1969-10-31,5.665722379603411,1.7581252091183812,1
1969-11-30,5.932203389830515,1.8711509409407365,1
1969-12-31,6.197183098591563,1.9803210689082147,1
1970-01-31,6.179775280898858,1.8964602520019656,1
1970-02-28,6.145251396648055,1.8100934970623284,1
1970-03-31,5.817174515235468,1.528409865937212,1
1970-04-30,6.060606060606077,1.640466390318255,1
1970-05-31,6.043956043956045,1.573409694946429,1
1970-06-30,6.010928961748618,1.495772317699697,1
1970-07-31,5.978260869565233,1.4282408368734414,1
1970-08-31,5.405405405405395,0.9919608517625325,0
1970-09-30,5.660377358490565,1.1422130445356284,1
1970-10-31,5.630026809651478,1.0875802267147618,1
1970-11-30,5.600000000000005,1.038777017894962,1
1970-12-31,5.570291777188308,0.9881360121149166,0
1971-01-31,5.291005291005302,0.7504317197820922,0
1971-02-28,5.000000000000004,0.4994454416635632,0
1971-03-31,4.712041884816753,0.24799263746015435,0
1971-04-30,4.155844155844157,-0.21895538153643196,0
1971-05-31,4.404145077720201,-0.038263886565674844,0
1971-06-30,4.6391752577319645,0.1295495708549909,0
1971-07-31,4.358974358974366,-0.13024816841321074,0
1971-08-31,4.615384615384599,0.07398401846030182,0
1971-09-30,4.081632653061207,-0.39789717939170255,0
1971-10-31,3.8071065989847774,-0.6367924181371288,0
1971-11-30,3.282828282828265,-1.0780699921079995,0
1971-12-31,3.266331658291466,-1.0864528905720174,0
1972-01-31,3.266331658291466,-1.0806454598502728,0
1972-02-29,3.50877192982455,-0.8932109756946792,0
1972-03-31,3.499999999999992,-0.9224124864562617,0
1972-04-30,3.4912718204488824,-0.9653903143783604,0
1972-05-31,3.2258064516129226,-1.222110471502847,0
1972-06-30,2.7093596059113434,-1.6867261188224278,0
1972-07-31,2.9484029484029284,-1.4792465215341752,0
1972-08-31,2.941176470588247,-1.513240133360546,0
1972-09-30,3.1862745098039325,-1.3072594680826943,0
1972-10-31,3.4229828850855792,-1.1300727721494355,0
1972-11-30,3.667481662591676,-0.9305863915738006,0
1972-12-31,3.406326034063256,-1.2011187378781443,0
1973-01-31,3.649635036496357,-0.9620164226524572,0
1973-02-28,3.874092009685226,-0.7394323819283998,0
1973-03-31,4.589371980676327,-0.04774868679826894,0
1973-04-30,5.060240963855422,0.3990622833152423,0
1973-05-31,5.528846153846145,0.8346914518418661,0
1973-06-30,5.995203836930463,1.2509606775831026,1
1973-07-31,5.727923627684972,0.9626034950691331,0
1973-08-31,7.380952380952377,2.390803656715626,1
1973-09-30,7.3634204275534465,2.22978028172427,1
1973-10-31,7.801418439716312,2.4357224824233845,1
1973-11-30,8.25471698113207,2.5992822579357573,1
1973-12-31,8.705882352941185,2.71164005542725,1
1974-01-31,9.38967136150235,2.916672658187508,1
1974-02-28,10.023310023310028,3.0189605014289644,1
1974-03-31,10.39260969976905,2.946861977056458,1
1974-04-30,10.09174311926606,2.5705214845596633,1
1974-05-31,10.70615034168565,2.6744181714403905,1
1974-06-30,10.859728506787311,2.5505176566467234,1
1974-07-31,11.51241534988714,2.639505865295208,1
1974-08-31,10.864745011086471,2.2115004505591416,1
1974-09-30,11.94690265486724,2.4865046787327763,1
1974-10-31,12.06140350877194,2.3665553920563718,1
1974-11-30,12.200435729847502,2.2715667669252877,1
1974-12-31,12.337662337662335,2.1881733475236502,1
1975-01-31,11.802575107296144,1.9043584446918709,1
1975-02-28,11.228813559322038,1.6404936122046514,1
1975-03-31,10.251046025104603,1.2725870298855304,1
1975-04-30,10.20833333333333,1.2200297167519703,1
1975-05-31,9.4650205761317,0.9532739278038144,0
1975-06-30,9.387755102040815,0.9040911044050652,0
1975-07-31,9.716599190283404,0.9812516790355947,0
1975-08-31,8.599999999999985,0.6095026983774027,0
1975-09-30,7.905138339920947,0.37785924506948754,0
1975-10-31,7.4363992172211235,0.22033143852323353,0
1975-11-30,7.37864077669903,0.19284649759299707,0
1975-12-31,6.936416184971095,0.045740608132153915,0
1976-01-31,6.717850287907878,-0.031112093885642355,0
1976-02-29,6.285714285714272,-0.1755697636447464,0
1976-03-31,6.072106261859567,-0.2516374583837239,0
1976-04-30,6.0491493383743045,-0.2706243851550516,0
1976-05-31,6.203007518796988,-0.2319991263831752,0
1976-06-30,5.970149253731338,-0.31556438777782264,0
1976-07-31,5.350553505535061,-0.5237068896794254,0
1976-08-31,5.7090239410681365,-0.4144784343554477,0
1976-09-30,5.494505494505497,-0.4950021685659711,0
1976-10-31,5.464480874316946,-0.5176772432641179,0
1976-11-30,4.88245931283906,-0.7254040335255503,0
1976-12-31,4.86486486486486,-0.7469670687734916,0
1977-01-31,5.215827338129486,-0.6466789103840382,0
1977-02-28,5.913978494623673,-0.4275744144695377,0
1977-03-31,6.440071556350624,-0.2667693620607953,0
1977-04-30,6.951871657754016,-0.10987370043922487,0
1977-05-31,6.725663716814156,-0.21435933862718423,0
1977-06-30,6.866197183098599,-0.1932761612984044,0
1977-07-31,6.8301225919439545,-0.23589555666290754,0
1977-08-31,6.620209059233462,-0.3468300730595375,0
1977-09-30,6.59722222222221,-0.38674840917417364,0
1977-10-31,6.390328151986191,-0.4991267339110229,0
1977-11-30,6.72413793103448,-0.39278367237683953,0
1977-12-31,6.70103092783505,-0.4362717978115857,0
1978-01-31,6.837606837606836,-0.4110125713836619,0
1978-02-28,6.429780033840937,-0.6209169035413651,0
1978-03-31,6.554621848739495,-0.5887892831644144,0
1978-04-30,6.499999999999995,-0.6309597937502699,0
1978-05-31,6.965174129353247,-0.43291706067406927,0
1978-06-30,7.413509060955525,-0.23863219043439718,0
1978-07-31,7.7049180327869,-0.11981497151949916,0
1978-08-31,7.843137254901955,-0.058769257057418915,0
1978-09-30,8.306188925081436,0.15078613572982857,0
1978-10-31,8.92857142857142,0.4329062571159412,0
1978-11-30,8.8852988691438,0.4072131276752275,0
1978-12-31,9.017713365539448,0.4661911691599121,0
1979-01-31,9.28,0.589772781263631,0
1979-02-28,9.85691573926868,0.8614887678734081,0
1979-03-31,10.094637223974768,0.9773612819163033,0
1979-04-30,10.485133020344284,1.1534664137227686,1
1979-05-31,10.852713178294572,1.322052306479831,1
1979-06-30,10.889570552147232,1.3385908866795893,1
1979-07-31,11.263318112633169,1.519506430245856,1
1979-08-31,11.818181818181817,1.751171283485292,1
1979-09-30,12.180451127819536,1.9103562547247532,1
1979-10-31,12.071535022354718,1.8598202901039518,1
1979-11-30,12.611275964391687,2.0918627866996924,1
1979-12-31,13.293943870014768,2.3591744411656386,1
1980-01-31,13.90922401171304,2.5342154678547337,1
1980-02-29,14.1823444283647,2.524013937845314,1
1980-03-31,14.756446991404015,2.58741301628051,1
1980-04-30,14.730878186968855,2.4276458793639097,1
1980-05-31,14.40559440559439,2.182305668314554,1
1980-06-30,14.384508990318135,2.066502425918696,1
1980-07-31,13.132694938440515,1.577868567800726,1
1980-08-31,12.872628726287273,1.4383371371073133,1
1980-09-30,12.600536193029498,1.3019313001788013,1
1980-10-31,12.765957446808509,1.3093690061345624,1
1980-11-30,12.648221343873512,1.228171306702433,1
1980-12-31,12.51629726205996,1.1461917284030287,1
1981-01-31,11.82519280205656,0.8955028569527443,0
1981-02-28,11.406844106463886,0.7361686373692344,0
1981-03-31,10.486891385767796,0.4213012660136199,0
1981-04-30,9.999999999999986,0.24543067877616892,0
1981-05-31,9.7799511002445,0.15595291993358382,0
1981-06-30,9.552599758162028,0.06266516147746924,0
1981-07-31,10.761789600967342,0.4386113039360326,0
1981-08-31,10.80432172869148,0.42959889821527963,0
1981-09-30,10.952380952380958,0.4556191184644827,0
1981-10-31,10.14150943396228,0.1522740154195784,0
1981-11-30,9.590643274853791,-0.07006509816108465,0
1981-12-31,8.92236384704519,-0.34365864492501796,0
1982-01-31,8.390804597701141,-0.5725167074369832,0
1982-02-28,7.622298065984068,-0.8852464884836696,0
1982-03-31,6.779661016949157,-1.2134261195427263,0
1982-04-30,6.509539842873191,-1.3096709526244685,0
1982-05-31,6.681514476614692,-1.243156875297162,0
1982-06-30,7.064017660044164,-1.0997358954027308,0
1982-07-31,6.4410480349345045,-1.3316081071275978,0
1982-08-31,5.850487540628402,-1.5414055144211827,0
1982-09-30,5.04291845493563,-1.809987409597935,0
1982-10-31,5.139186295503206,-1.7451489128965256,0
1982-11-30,4.589114194236932,-1.896180997044235,0
1982-12-31,3.829787234042548,-2.0937350999609983,0
1983-01-31,3.711558854718988,-2.0574237940252376,0
1983-02-28,3.488372093023262,-2.0607308273417013,0
1983-03-31,3.5978835978836,-1.958771806302093,0
1983-04-30,3.898840885142252,-1.810356243744982,0
1983-05-31,3.549060542797511,-1.857226196584506,0
1983-06-30,2.577319587628857,-2.061763902933848,0
1983-07-31,2.4615384615384706,-2.002221763235224,0
1983-08-31,2.558853633572156,-1.8906745305826775,0
1983-09-30,2.860061287027582,-1.7347285051378696,0
1983-10-31,2.851323828920571,-1.6679441047469687,0
1983-11-30,3.2653061224489743,-1.502106889959865,0
1983-12-31,3.7909836065573854,-1.3210829523848397,0
1984-01-31,4.192229038854811,-1.1811898046519322,0
1984-02-29,4.596527068437184,-1.0462831255980962,0
1984-03-31,4.80081716036771,-0.9654515663803398,0
1984-04-30,4.563894523326573,-0.9934481823838763,0
1984-05-31,4.233870967741948,-1.0413774520654662,0
1984-06-30,4.221105527638192,-1.011223687430565,0
1984-07-31,4.204204204204198,-0.9826054586020603,0
1984-08-31,4.291417165668654,-0.9297677441176803,0
1984-09-30,4.270109235352537,-0.9041830081668907,0
1984-10-31,4.257425742574261,-0.8772628021749969,0
1984-11-30,4.051383399209474,-0.8974767941267128,0
1984-12-31,3.948667324777877,-0.8932475695336827,0
1985-01-31,3.5328753680078373,-0.967728762795867,0
1985-02-28,3.515625,-0.9446352386298275,0
1985-03-31,3.70370370370372,-0.8722254807506181,0
1985-04-30,3.6857419980601542,-0.8546263939801003,0
1985-05-31,3.771760154738879,-0.8089055833175629,0
1985-06-30,3.760848601735778,-0.7913927606344547,0
1985-07-31,3.5542747358309423,-0.8285714441697946,0
1985-08-31,3.349282296650724,-0.8673833777589747,0
1985-09-30,3.142857142857136,-0.9087776767227523,0
1985-10-31,3.228869895536568,-0.8608573015903097,0
1985-11-30,3.5137701804368597,-0.7459162742706273,0
1985-12-31,3.798670465337128,-0.625843000823613,0
1986-01-31,3.8862559241706007,-0.5707979301198898,0
1986-02-28,3.113207547169816,-0.8471182849907759,0
1986-03-31,2.2556390977443552,-1.1643358316318126,0
1986-04-30,1.5902712815715423,-1.4041627918457604,0
1986-05-31,1.491146318732528,-1.4134400771611744,0
1986-06-30,1.7657992565055736,-1.269364543148131,0
1986-07-31,1.576994434137302,-1.3468901436234604,0
1986-08-31,1.5740740740740833,-1.3556124434221999,0
1986-09-30,1.7543859649122862,-1.2939582287769658,0
1986-10-31,1.4719411223550916,-1.4646996762412718,0
1986-11-30,1.2844036697247765,-1.594075981180531,0
1986-12-31,1.097895699908502,-1.720841277676677,0
1987-01-31,1.4598540145985384,-1.5032676784589578,0
1987-02-28,2.104300091491296,-1.0662190492735204,0
1987-03-31,3.0330882352941124,-0.3848947308576271,0
1987-04-30,3.7753222836095945,0.2024132801968491,0
1987-05-31,3.85674931129476,0.3172192693861989,0
1987-06-30,3.65296803652968,0.21469181750602442,0
1987-07-31,3.926940639269394,0.5222366747671844,0
1987-08-31,4.284412032816776,0.9157563332282393,0
1987-09-30,4.355716878402904,1.0111592568745522,1
1987-10-31,4.533091568449676,1.2139903313063642,1
1987-11-30,4.528985507246386,1.2124218253277468,1
1987-12-31,4.4343891402715,1.098645910692634,1
1988-01-31,4.046762589928066,0.7064356326918589,0
1988-02-29,3.942652329749108,0.5942981028491388,0
1988-03-31,3.925066904549523,0.570293659984946,0
1988-04-30,3.904170363797688,0.5496199973166547,0
1988-05-31,3.89036251105217,0.5293396251054978,0
1988-06-30,3.96475770925111,0.5808860248261387,0
1988-07-31,4.130052724077338,0.7179687756308771,0
1988-08-31,4.020979020979021,0.5881166723006968,0
1988-09-30,4.17391304347825,0.7165106868238338,0
1988-10-31,4.249783174327848,0.7668184354964083,0
1988-11-30,4.246100519930662,0.7437739329719901,0
1988-12-31,4.419410745233954,0.89792836513344,0
1989-01-31,4.667242869490051,1.1239144917059196,1
1989-02-28,4.827586206896539,1.2698353802165612,1
1989-03-31,4.978540772532192,1.4070800661641663,1
1989-04-30,5.123825789923142,1.520095110573477,1
1989-05-31,5.361702127659562,1.6915790023082033,1
1989-06-30,5.16949152542372,1.4749928249651851,1
1989-07-31,4.978902953586495,1.274506357135115,1
1989-08-31,4.705882352941182,1.015872556740232,1
1989-09-30,4.340567612687818,0.6855852338971803,0
1989-10-31,4.492512479201327,0.8166126991172302,0
1989-11-30,4.655029093931851,0.9474063872436499,0
1989-12-31,4.647302904564321,0.9240744508987762,0
1990-01-31,5.202312138728327,1.3683466386170438,1
1990-02-28,5.263157894736836,1.3732270022941722,1
1990-03-31,5.233033524121011,1.3059534918344775,1
1990-04-30,4.711616571892785,0.8460165151399403,0
1990-05-31,4.3618739903069415,0.5429333569303839,0
1990-06-30,4.673650282030639,0.7869242939461069,0
1990-07-31,4.8231511254019255,0.8878463314822352,0
1990-08-31,5.617977528089879,1.486186050343816,1
1990-09-30,6.159999999999988,1.8342494184249027,1
1990-10-31,6.289808917197459,1.8437591138061638,1
1990-11-30,6.27482128673551,1.750091170144391,1
1990-12-31,6.10626486915149,1.5615285538481338,1
1991-01-31,5.651491365777073,1.192243631289322,1
1991-02-28,5.312500000000009,0.9172121332040016,0
1991-03-31,4.895104895104896,0.5915630867477716,0
1991-04-30,4.8875096974398735,0.5606832660232662,0
1991-05-31,4.953560371517041,0.5853851223153786,0
1991-06-30,4.695919938414161,0.35930440636002686,0
1991-07-31,4.447852760736182,0.12876112462434375,0
1991-08-31,3.7993920972644313,-0.45938012053382643,0
1991-09-30,3.3911077618688834,-0.8693988331601668,0
1991-10-31,2.921348314606753,-1.3748092543175336,0
1991-11-30,2.9895366218236186,-1.4222239711257356,0
1991-12-31,3.064275037369213,-1.5030494242154808,0
1992-01-31,2.600297176820199,-2.153333393126485,0
1992-02-29,2.818991097922829,-1.9795370000104284,0
1992-03-31,3.185185185185202,-1.5521963316592857,0
1992-04-30,3.1804733727810675,-1.5240271928601672,0
1992-05-31,3.023598820059004,-1.6603247952889923,0
1992-06-30,3.088235294117636,-1.5527745924007472,0
1992-07-31,3.1571218795888534,-1.4372053618174576,0
1992-08-31,3.1478770131771583,-1.4022025165992829,0
1992-09-30,2.988338192419837,-1.5227194156537671,0
1992-10-31,3.2023289665211063,-1.2489117566638517,0
1992-11-30,3.047895500725684,-1.3660468933512802,0
1992-12-31,2.9006526468455363,-1.4667345176618185,0
1993-01-31,3.258508327299059,-1.0720842961201378,0
1993-02-28,3.2467532467532534,-1.0630031896723198,0
1993-03-31,3.086862885857844,-1.197930342897345,0
1993-04-30,3.2258064516129004,-1.0381646941706042,0
1993-05-31,3.2211882605583497,-1.0235215743659727,0
1993-06-30,2.9957203994293917,-1.2159627667815418,0
1993-07-31,2.77580071174377,-1.3857185958843228,0
1993-08-31,2.767920511000721,-1.35181262440008,0
1993-09-30,2.689313517338987,-1.3796449350355011,0
1993-10-31,2.7503526093088704,-1.2810365803894805,0
1993-11-30,2.676056338028188,-1.3057240479508838,0
1993-12-31,2.748414376321362,-1.2006122923883886,0
1994-01-31,2.524544179523147,-1.3502871771441973,0
1994-02-28,2.515723270440251,-1.3096102635785547,0
1994-03-31,2.506963788300842,-1.27108301416225,0
1994-04-30,2.361111111111125,-1.3475740206564755,0
1994-05-31,2.288488210818307,-1.3618426261479795,0
1994-06-30,2.4930747922437657,-1.1474375527216245,0
1994-07-31,2.7700831024930705,-0.8802657789352103,0
1994-08-31,2.900552486187835,-0.7429766089364618,0
1994-09-30,2.963473466574773,-0.6681386603635657,0
1994-10-31,2.6080988332189525,-0.9416064329447896,0
1994-11-30,2.674897119341546,-0.8558649034933417,0
1994-12-31,2.674897119341546,-0.8278185443090925,0
1995-01-31,2.804377564979488,-0.6911812845083586,0
1995-02-28,2.862985685071595,-0.6151341984784422,0
1995-03-31,2.853260869565233,-0.5981860077040458,0
1995-04-30,3.0529172320217013,-0.3996331231890097,0
1995-05-31,3.186440677966096,-0.26374782649866424,0
1995-06-30,3.0405405405405483,-0.3737803626399234,0
1995-07-31,2.7628032345013542,-0.6008530139598122,0
1995-08-31,2.617449664429538,-0.7106402607740517,0
1995-09-30,2.5435073627844584,-0.7675883822742078,0
1995-10-31,2.809364548494986,-0.48012991981730685,0
1995-11-30,2.605210420841697,-0.7025304273505286,0
1995-12-31,2.5384101536406245,-0.7973217952581482,0
1996-01-31,2.727877578176985,-0.5306451646674746,0
1996-02-29,2.650762094102044,-0.6438514146853856,0
1996-03-31,2.840158520475544,-0.29568234875185995,0
1996-04-30,2.896642527978943,-0.1477071778712227,0
1996-05-31,2.890932982917227,-0.1051963376992707,0
1996-06-30,2.754098360655721,-0.4323807751532596,0
1996-07-31,2.9508196721311557,0.2680894870631955,0
1996-08-31,2.877697841726623,0.0649466191044993,0
1996-09-30,3.0026109660574507,0.6191875871954586,0
1996-10-31,2.9928432010410067,0.5719289347109919,0
1996-11-30,3.255208333333326,1.6193156090903493,1
1996-12-31,3.322475570032579,1.8336503990177173,1
1997-01-31,3.0440414507771907,0.6916887477718877,0
1997-02-28,3.034215622982561,0.6356425985721006,0
1997-03-31,2.761721258831096,-0.4363495011867344,0
1997-04-30,2.4952015355086177,-1.466708876779759,0
1997-05-31,2.2349936143039484,-2.354992119483355,0
1997-06-30,2.2973835354180183,-2.0055768505255744,0
1997-07-31,2.2292993630573354,-2.1421680752777643,0
1997-08-31,2.2250476795931284,-2.0501266445279827,0
1997-09-30,2.154626108998725,-2.1668936078757337,0
1997-10-31,2.0846493998736504,-2.276156102573857,0
1997-11-30,1.828499369482972,-2.8593774175364812,0
1997-12-31,1.7023959646910614,-2.946943593024106,0
1998-01-31,1.5713387806411072,-3.0357103787969484,0
1998-02-28,1.441102756892243,-3.0808732480306453,0
1998-03-31,1.374999999999993,-2.9545635704526827,0
1998-04-30,1.4357053682896526,-2.618456035735922,0
1998-05-31,1.6864459712679691,-1.9665194130053176,0
1998-06-30,1.6843418590143378,-1.877070734957103,0
1998-07-31,1.6822429906542036,-1.793980068688537,0
1998-08-31,1.6169154228855789,-1.837466630243629,0
1998-09-30,1.488833746898277,-1.9865727677974052,0
1998-10-31,1.4851485148514865,-1.8949199084565944,0
1998-11-30,1.5479876160990669,-1.6983175964629427,0
1998-12-31,1.6119032858028517,-1.517662849434053,0
1999-01-31,1.6707920792079278,-1.3627234700530197,0
1999-02-28,1.6059295861643008,-1.4261628257292986,0
1999-03-31,1.7262638717632672,-1.1778743219577856,0
1999-04-30,2.2769230769230653,-0.21965665207575044,0
1999-05-31,2.088452088452075,-0.5396814686694912,0
1999-06-30,1.9631901840490684,-0.7379188323867818,0
1999-07-31,2.1446078431372584,-0.4082140832408534,0
1999-08-31,2.2643818849449104,-0.1842472599320213,0
1999-09-30,2.6283618581907087,0.4617937326596887,0
1999-10-31,2.5609756097561,0.34530741776091606,0
1999-11-30,2.621951219512209,0.4540868993197809,0
1999-12-31,2.684563758389258,0.5635457958494563,0
2000-01-31,2.738892270237381,0.6616692995409549,0
2000-02-29,3.221884498480243,1.4807514617596058,1
2000-03-31,3.75757575757576,2.287669004083184,1
2000-04-30,3.0685920577617543,1.1398344893804448,1
2000-05-31,3.1889290012033777,1.3398439099369164,1
2000-06-30,3.73044524669075,2.1532194675004264,1
2000-07-31,3.659268146370742,1.9529548072782117,1
2000-08-31,3.411131059245976,1.5149048864470986,1
2000-09-30,3.454437164979152,1.5268535353410004,1
2000-10-31,3.4482758620689724,1.4770514824143952,1
2000-11-30,3.446226975638722,1.4281845510878441,1
2000-12-31,3.3868092691621943,1.3020220610682849,1
2001-01-31,3.732227488151652,1.728173375114641,1
2001-02-28,3.5335689045936425,1.406382981841632,1
2001-03-31,2.9205607476635587,0.5628700505250991,0
2001-04-30,3.269118505545832,1.0252706906767517,1
2001-05-31,3.6151603498542295,1.4560087987041055,1
2001-06-30,3.248259860788849,0.946838708768572,0
2001-07-31,2.719907407407396,0.24964842575788407,0
2001-08-31,2.719907407407396,0.25347644820403636,0
2001-09-30,2.648244099021313,0.1662414089616881,0
2001-10-31,2.126436781609198,-0.5136967645908638,0
2001-11-30,1.895462377943713,-0.7954802003201659,0
2001-12-31,1.551724137931032,-1.215733709977444,0
2002-01-31,1.142204454597362,-1.689016878853508,0
2002-02-28,1.1376564277588264,-1.6243704097517575,0
2002-03-31,1.4755959137344066,-1.1487555968513263,0
2002-04-30,1.6393442622950838,-0.9143510769847628,0
2002-05-31,1.1817670230725996,-1.4472887459874881,0
2002-06-30,1.0674157303370846,-1.5325160724292277,0
2002-07-31,1.4647887323943731,-1.0217063318127892,0
2002-08-31,1.802816901408444,-0.6016006700483744,0
2002-09-30,1.5143017386427315,-0.9305938104913397,0
2002-10-31,2.025886325267323,-0.31554388373521663,0
2002-11-30,2.19842164599775,-0.11630261927914509,0
2002-12-31,2.376910016977929,0.08515670035429694,0
2003-01-31,2.5974025974025983,0.3327207530915147,0
2003-02-28,2.9808773903261976,0.7710889823169949,0
2003-03-31,3.0201342281878985,0.7909891497052335,0
2003-04-30,2.224694104560632,-0.20514090984768243,0
2003-05-31,2.057842046718572,-0.4223850881367442,0
2003-06-30,2.1122846025569686,-0.36535518496570707,0
2003-07-31,2.1099389228206533,-0.3794835119548994,0
2003-08-31,2.158273381294973,-0.3323733979783138,0
2003-09-30,2.3204419889502725,-0.14519581527307687,0
2003-10-31,2.0408163265306145,-0.5232139389191008,0
2003-11-30,1.7650303364588948,-0.8917137445311313,0
2003-12-31,1.8794914317302516,-0.7517752544728661,0
2004-01-31,1.9262520638414935,-0.6992486918657488,0
2004-02-29,1.6930638995084513,-1.01186594099638,0
2004-03-31,1.7372421281216075,-0.9537501939807037,0
2004-04-30,2.285092491838947,-0.2272670124211585,0
2004-05-31,3.051771117166213,0.7660869509205546,0
2004-06-30,3.26619488296136,1.0157932312341937,1
2004-07-31,2.990755845568249,0.6337703850762308,0
2004-08-31,2.654387865655483,0.1834766153118057,0
2004-09-30,2.5377969762419017,0.032217603942426114,0
2004-10-31,3.189189189189201,0.8691256217525027,0
2004-11-30,3.523035230352312,1.2677983685860976,1
2004-12-31,3.255561584373301,0.9048375541267228,0
2005-01-31,2.969762419006483,0.5332414832757827,0
2005-02-28,3.0075187969925032,0.5879819492154957,0
2005-03-31,3.1483457844183604,0.7937416849968986,0
2005-04-30,3.5106382978723483,1.2438867192813174,1
2005-05-31,2.8027498677948293,0.3412640112731461,0
2005-06-30,2.530311017395892,0.014507726095145116,0
2005-07-31,3.167898627243937,0.8805020572982784,0
2005-08-31,3.641160949868083,1.4992631598424249,1
2005-09-30,4.686677198525535,2.7128344968777043,1
2005-10-31,4.347826086956519,2.1956060643187123,1
2005-11-30,3.4554973821989465,1.1051070672063064,1
2005-12-31,3.415659485023648,1.0552094415999522,1
2006-01-31,3.985317252228637,1.7309992439997888,1
2006-02-28,3.59749739311781,1.2582239676102946,1
2006-03-31,3.3626487325400856,0.9593939774995045,0
2006-04-30,3.5457348406988665,1.1671188002840927,1
2006-05-31,4.166666666666674,1.8651766742965636,1
2006-06-30,4.318766066838053,1.96482656468361,1
2006-07-31,4.145342886386905,1.6965935875674907,1
2006-08-31,3.818737270875761,1.2941947226221753,1
2006-09-30,2.062374245472842,-0.617422163499644,0
2006-10-31,1.3052208835341528,-1.4083175874577365,0
2006-11-30,1.9736842105263277,-0.6911780341906315,0
2006-12-31,2.540650406504064,-0.09936170974116089,0
2007-01-31,2.0756429652042385,-0.6353177436403321,0
2007-02-28,2.415198792148976,-0.28856551170705447,0
2007-03-31,2.778778778778768,0.10220065335103411,0
2007-04-30,2.573697270471476,-0.15499150996504438,0
2007-05-31,2.6908641975308623,-0.04854671917275536,0
2007-06-30,2.687037949728932,-0.0888129291433804,0
2007-07-31,2.358230958230956,-0.5288834544307751,0
2007-08-31,1.9700833742030357,-1.031565379256189,0
2007-09-30,2.755051749630355,-0.05429978474286199,0
2007-10-31,3.536174430128836,0.9371746587202467,0
2007-11-30,4.306203473945414,1.8546009957084535,1
2007-12-31,4.081268582755193,1.5051558308387183,1
2008-01-31,4.280294047901356,1.679858980677827,1
2008-02-29,4.026555413048727,1.3261521675447177,1
2008-03-31,3.981456231251701,1.235723216990665,1
2008-04-30,3.936889774827512,1.1427688055752798,1
2008-05-31,4.17554304180352,1.3758220844021867,1
2008-06-30,5.0217900476117405,2.237478601524224,1
2008-07-31,5.6001229002539565,2.6770172253630853,1
2008-08-31,5.371855115262347,2.2850026704455635,1
2008-09-30,4.936927430572191,1.7520784383030805,1
2008-10-31,3.655186277137501,0.42560674745827676,0
2008-11-30,1.0695746918073956,-2.1724537246100835,0
2008-12-31,0.0914129006456043,-2.9322662083743296,0
2009-01-31,0.0298465036952855,-2.789733770189813,0
2009-02-28,0.2361910880378737,-2.4808327481070083,0
2009-03-31,-0.3835562549173832,-2.805066365528992,0
2009-04-30,-0.7368857152167174,-2.8394154384791954,0
2009-05-31,-1.2814357989586078,-2.9445691090474413,0
2009-06-30,-1.4267760436898702,-2.7847284377149837,0
2009-07-31,-2.097161353676058,-2.9195781518031096,0
2009-08-31,-1.4843486119606064,-2.388379277237328,0
2009-09-30,-1.2862059666427397,-2.149966813904294,0
2009-10-31,-0.1828482774861251,-1.4943742126736086,0
2009-11-30,1.8382958691302909,-0.40748448871638426,0
2009-12-31,2.721331126205828,0.0659740376939253,0
2010-01-31,2.6257086429576137,0.01822513812639045,0
2010-02-28,2.143331778145363,-0.23047056198083213,0
2010-03-31,2.3139594469439477,-0.1324889717580958,0
2010-04-30,2.236447195648084,-0.16273420250582055,0
2010-05-31,2.0209860840939786,-0.2704677441326407,0
2010-06-30,1.053348972845658,-0.7687470984976692,0
2010-07-31,1.2351927783014638,-0.653609307652507,0
2010-08-31,1.1481045618392027,-0.6772217235821194,0
2010-09-30,1.143682658159273,-0.6540296104449571,0
2010-10-31,1.1721876055269531,-0.6145580519585581,0
2010-11-30,1.1431609115702734,-0.6094590864066007,0
2010-12-31,1.4957235273143077,-0.4040110102287779,0
2011-01-31,1.631846857448771,-0.3119231097901217,0
2011-02-28,2.1075846286581656,-0.041460414083028495,0
2011-03-31,2.6816032642408505,0.27739961728126655,0
2011-04-30,3.1636308592764677,0.5447798397957168,0
2011-05-31,3.568645784634561,0.7754405557373208,0
2011-06-30,3.558828252242341,0.7824573735207474,0
2011-07-31,3.628715982221076,0.8297464214706933,0
2011-08-31,3.771208179119778,0.9097113032323885,0
2011-09-30,3.868356841040299,0.9397478728540455,0
2011-10-31,3.5251999213574026,0.728173897193571,0
2011-11-30,3.3943775908008567,0.6410042602605408,0
2011-12-31,2.9624188448710957,0.39993801032475174,0
2012-01-31,2.9252167121508466,0.3713985063486434,0
2012-02-29,2.871098780438208,0.3373402934166525,0
2012-03-31,2.651398193021781,0.21852326776383316,0
2012-04-30,2.302739811298937,0.030439170462580704,0
2012-05-31,1.704253774937592,-0.2877008917123483,0
2012-06-30,1.6639937622385137,-0.30031420618988103,0
2012-07-31,1.4084507042253502,-0.430638859821181,0
2012-08-31,1.692378997550148,-0.2730615259337751,0
2012-09-30,1.9912820806649911,-0.10319396206735892,0
2012-10-31,2.1623435988711304,0.0026655428860690275,0
2012-11-30,1.764133846085847,-0.19472743349383054,0
2012-12-31,1.741022368747558,-0.1877893175876052,0
2013-01-31,1.5948646681225531,-0.2477664833828305,0
2013-02-28,1.9779235097490575,-0.011070342013038373,0
2013-03-31,1.4738962125967705,-0.27935541152686366,0
2013-04-30,1.063085381489448,-0.4945319642351627,0
2013-05-31,1.3619650588516885,-0.2963543061053684,0
2013-06-30,1.7544165453768912,-0.03173769566615545,0
2013-07-31,1.9606816118443948,0.13854963938338336,0
2013-08-31,1.518367559543199,-0.11020212913718357,0
2013-09-30,1.184925261552161,-0.30629206159627237,0
2013-10-31,0.9636127046434018,-0.4380325012897083,0
2013-11-30,1.2370722045339066,-0.24391034463129901,0
2013-12-31,1.501735619618394,-0.07141214120966291,0
2014-01-31,1.5789473684210575,-0.03452365810044246,0
2014-02-28,1.1263492501055294,-0.38036325001094246,0
2014-03-31,1.51220287576308,-0.12080396086883008,0
2014-04-30,1.9528578985167575,0.1828301564920192,0
2014-05-31,2.1271115499366777,0.2875286229978252,0
2014-06-30,2.0723413731670526,0.20790628541403341,0
2014-07-31,1.9923286357643064,0.08888845599602783,0
2014-08-31,1.6996113341628316,-0.2724040171158494,0
2014-09-30,1.657918675715031,-0.41486241116646966,0
2014-10-31,1.664340215632043,-0.4723739191379817,0
2014-11-30,1.3223551823708934,-0.8932729459050681,0
2014-12-31,0.7564932696557447,-1.5488167626477056,0
2015-01-31,-0.0893483130696481,-2.4319799710856462,0
2015-02-28,-0.0251298018153045,-2.21339177250901,0
2015-03-31,-0.0736373908664322,-2.1378994768023256,0
2015-04-30,-0.1995174461766891,-2.1443788546157165,0
2015-05-31,-0.0399327448507791,-1.880146716082146,0
2015-06-30,0.1237712036854521,-1.6639696226385092,0
2015-07-31,0.1695697796432194,-1.5698430876848912,0
2015-08-31,0.1950792930057288,-1.503723675888477,0
2015-09-30,-0.0361297478059685,-1.6719727073925692,0
2015-10-31,0.1705744357355598,-1.4373500422594192,0
2015-11-30,0.5017975786678841,-1.1089815700581067,0
2015-12-31,0.7295197860415881,-0.8806889011014365,0
2016-01-31,1.3730868138309926,-0.28460607193607823,0
2016-02-29,1.0177997801654737,-0.5934410758539782,0
2016-03-31,0.8525362211427412,-0.7193209026018114,0
2016-04-30,1.125110418894426,-0.4440864367747809,0
2016-05-31,1.019322554193569,-0.517435102247246,0
2016-06-30,0.9973264945230876,-0.5130425952679016,0
2016-07-31,0.8271388704987004,-0.6584709354650496,0
2016-08-31,1.0628745027610351,-0.3887218651553802,0
2016-09-30,1.4637836474815646,0.09289723468476245,0
2016-10-31,1.6359875209176034,0.3454329264246009,0
2016-11-30,1.6925371625037933,0.473500468992633,0
2016-12-31,2.074622132966919,1.0128593490900355,1
2017-01-31,2.5000422090529995,1.6134227403447607,1
2017-02-28,2.737958171489318,1.9486446848744199,1
2017-03-31,2.3806124334402767,1.486144703051805,1
2017-04-30,2.199689878417299,1.2448273385656405,1
2017-05-31,1.8748777208413612,0.7929196077352972,0
2017-06-30,1.633487955256463,0.4633113158685209,0
2017-07-31,1.727978456372492,0.5838191204745187,0
2017-08-31,1.9389742120581757,0.862923333597604,0
2017-09-30,2.2329638650032235,1.2497493270518296,1
2017-10-31,2.041128701976169,0.9960825599449887,0
2017-11-30,2.202582938683184,1.1941882587781982,1
2017-12-31,2.1090824745684245,1.0531087733053628,1
2018-01-31,2.070507620275164,0.9838810203147965,0
2018-02-28,2.2117954212386604,1.1597721940809218,1
2018-03-31,2.3597114039729084,1.315603326967382,1
2018-04-30,2.462743943334811,1.396682639157509,1
2018-05-31,2.8010117148075557,1.7502519909605518,1
2018-06-30,2.87154783531669,1.7683145148677444,1
2018-07-31,2.9495150866471143,1.7976308260232308,1
2018-08-31,2.699180104187437,1.4514424796627183,1
2018-09-30,2.2769721941990007,0.9339014631330951,0
2018-10-31,2.5224699286070296,1.1761679344960545,1
2018-11-30,2.176601032152403,0.7599070772972981,0
2018-12-31,1.9101588486313716,0.4482945036120405,0
2019-01-31,1.5512351381991252,0.04123455743662133,0
2019-02-28,1.520135265933309,-0.0015385437213963182,0
2019-03-31,1.8625227405691724,0.38081676114048973,0
2019-04-30,1.9964397755302563,0.5319081713451673,0
2019-05-31,1.7902284687663972,0.30508252692847726,0
2019-06-30,1.6484846560762545,0.15213288463110244,0
2019-07-31,1.8114648063935144,0.34238110703825575,0
2019-08-31,1.7497798894291483,0.2707503346312499,0
2019-09-30,1.7113045131695204,0.22565461118448732,0
2019-10-31,1.7640429444213843,0.2839705084199361,0
2019-11-30,2.05127798189162,0.5969910112428587,0
2019-12-31,2.2851297401217163,0.8352297137767684,0
2020-01-31,2.4865719552504606,1.0386231816818547,1
2020-02-29,2.334873563945949,0.8370404656808882,0
2020-03-31,1.5393269919198094,-0.1530699763181592,0
2020-04-30,0.3290966863368272,-1.7059739319959875,0
2020-05-31,0.117926370210708,-1.991828619942037,0
2020-06-30,0.6457330475554857,-1.3529494393617787,0
2020-07-31,0.9860818253037084,-0.9518955670688389,0
2020-08-31,1.3096453823307153,-0.5615785456472817,0
2020-09-30,1.3713248610564666,-0.5352400433807611,0
2020-10-31,1.1820661677274913,-0.8705356920833276,0
2020-11-30,1.1745357842679605,-0.9216557560215698,0
2020-12-31,1.3620054947193203,-0.6586792311492026,0
2021-01-31,1.3997697415600865,-0.5997007898104679,0
2021-02-28,1.6762152173745104,-0.18029639394779043,0
2021-03-31,2.619762508959189,1.2963760435641989,1
2021-04-30,4.15969483870211,3.3604405186699133,1
2021-05-31,4.992706537594471,3.903710106625943,1
2021-06-30,5.391451413321335,3.7927576435753156,1
2021-07-31,5.365475239385398,3.354008211020693,1
2021-08-31,5.251271554874992,2.9471323535933713,1
2021-09-30,5.390348855079163,2.814154437864239,1
2021-10-31,6.221868903328898,3.1744495470493335,1
2021-11-30,6.809002839806477,3.245535700415896,1
2021-12-31,7.036402865545144,3.0688436106303403,1
2022-01-31,7.479872468289117,3.03632639773937,1
2022-02-28,7.871063897739283,2.969624041188148,1
2022-03-31,8.542455554842432,3.022250272764525,1
2022-04-30,8.258629340882372,2.647786489843707,1
2022-05-31,8.581511543676523,2.5916395516518236,1
2022-06-30,9.059757964784154,2.5977183039222123,1
2022-07-31,8.52481474562552,2.222267464066288,1
2022-08-31,8.262692503116241,2.001273126006826,1
2022-09-30,8.20166964383362,1.8797153577362842,1
2022-10-31,7.7454273308049215,1.6297361651834041,1
2022-11-30,7.110322794191726,1.3372740972955863,1
2022-12-31,6.45440133141082,1.0549864707388648,1
2023-01-31,6.410146968856267,1.005455425140132,1
2023-02-28,6.035613077866597,0.8393470586548027,0
2023-03-31,4.984974122099173,0.4334465798890459,0
2023-04-30,4.930320398188925,0.39819365145915375,0
2023-05-31,4.047609272791974,0.062376686380210135,0
2023-06-30,2.969177654558885,-0.33976504897951343,0
2023-07-31,3.177780177942169,-0.26362527905406613,0
2023-08-31,3.665112384399549,-0.0882289548096813,0
2023-09-30,3.69969812134443,-0.08443448059376482,0
2023-10-31,3.241144651893202,-0.2610115817978762,0
2023-11-30,3.1372707088417773,-0.30686878026046827,0
2023-12-31,3.3521228314302265,-0.23620092549974298,0
2024-01-31,3.0908847812280538,-0.34675570509843673,0
2024-02-29,3.1531711208615976,-0.3356868817842218,0
2024-03-31,3.4773850700380304,-0.22312542230049562,0
2024-04-30,3.357363950119163,-0.27938125104853434,0
2024-05-31,3.2690290569400204,-0.32498341552759025,0
2024-06-30,2.971397107263307,-0.4521216654184084,0
2024-07-31,2.894753198491306,-0.4916598358686322,0
2024-08-31,2.5307302964569622,-0.6426377745872321,0
2024-09-30,2.440633031069983,-0.6857975822009537,0
2024-10-31,2.597904904914672,-0.6317409032505342,0
2024-11-30,2.7493803960905616,-0.5779739576676118,0
2024-12-31,2.888057219980067,-0.5279487345386241,0
2025-01-31,3.0004831121501097,-0.4873219383122494,0
2025-02-28,2.82154895174751,-0.5636753426598812,0
2025-03-31,2.3907252538964974,-0.7467587375629988,0
2025-04-30,2.3112888616734883,-0.8053701199224549,0
2025-05-31,2.354896535474671,-0.8189602775026258,0
