,Unemployment,M2_YoY,FedFunds,CPI_YoY,Zscore,Inflation_Regime
1/31/1913,,,,,,0
2/28/1913,,,,,,0
3/31/1913,,,,,,0
4/30/1913,,,,,,0
5/31/1913,,,,,,0
6/30/1913,,,,,,0
7/31/1913,,,,,,0
8/31/1913,,,,,,0
9/30/1913,,,,,,0
10/31/1913,,,,,,0
11/30/1913,,,,,,0
12/31/1913,,,,,,0
1/31/1914,,,,2.0408,,0
2/28/1914,,,,1.0204,,0
3/31/1914,,,,1.0204,,0
4/30/1914,,,,0,,0
5/31/1914,,,,2.0619,,0
6/30/1914,,,,1.0204,,0
7/31/1914,,,,1.0101,,0
8/31/1914,,,,3.0303,,0
9/30/1914,,,,2,,0
10/31/1914,,,,1,,0
11/30/1914,,,,0.9901,,0
12/31/1914,,,,1,,0
1/31/1915,,,,1,,0
2/28/1915,,,,1.0101,,0
3/31/1915,,,,0,,0
4/30/1915,,,,2.0408,,0
5/31/1915,,,,2.0202,,0
6/30/1915,,,,2.0202,,0
7/31/1915,,,,1,,0
8/31/1915,,,,-0.9804,,0
9/30/1915,,,,-0.9804,,0
10/31/1915,,,,0.9901,,0
11/30/1915,,,,0.9804,,0
12/31/1915,,,,1.9802,,0
1/31/1916,,,,2.9703,,0
2/29/1916,,,,4,,0
3/31/1916,,,,6.0606,,0
4/30/1916,,,,6,,0
5/31/1916,,,,5.9406,,0
6/30/1916,,,,6.9307,,0
7/31/1916,,,,6.9307,,0
8/31/1916,,,,7.9208,,0
9/30/1916,,,,9.901,,0
10/31/1916,,,,10.7843,,0
11/30/1916,,,,11.6505,,0
12/31/1916,,,,12.6214,,0
1/31/1917,,,,12.5,,0
2/28/1917,,,,15.3846,,0
3/31/1917,,,,14.2857,,0
4/30/1917,,,,18.8679,,0
5/31/1917,,,,19.6262,,0
6/30/1917,,,,20.3704,,0
7/31/1917,,,,18.5185,,0
8/31/1917,,,,19.2661,,0
9/30/1917,,,,19.8198,,0
10/31/1917,,,,19.469,,0
11/30/1917,,,,17.3913,,0
12/31/1917,,,,18.1034,,0
1/31/1918,,,,19.6581,,0
2/28/1918,,,,17.5,,0
3/31/1918,,,,16.6667,,0
4/30/1918,,,,12.6984,,0
5/31/1918,,,,13.2812,,0
6/30/1918,,,,13.0769,,0
7/31/1918,,,,17.9688,,0
8/31/1918,,,,18.4615,,0
9/30/1918,,,,18.0451,,0
10/31/1918,,,,18.5185,,0
11/30/1918,,,,20.7407,,0
12/31/1918,,,,20.438,1.4799,1
1/31/1919,,,,17.8571,1.108,1
2/28/1919,,,,14.8936,0.7003,0
3/31/1919,,,,17.1429,0.9593,0
4/30/1919,,,,17.6056,0.9867,0
5/31/1919,,,,16.5517,0.8205,0
6/30/1919,,,,14.966,0.588,0
7/31/1919,,,,15.2318,0.5982,0
8/31/1919,,,,14.9351,0.5356,0
9/30/1919,,,,13.3758,0.3035,0
10/31/1919,,,,13.125,0.2457,0
11/30/1919,,,,13.4969,0.2731,0
12/31/1919,,,,14.5455,0.3963,0
1/31/1920,,,,16.9697,0.7181,0
2/29/1920,,,,20.3704,1.1802,1
3/31/1920,,,,20.122,1.1148,1
4/30/1920,,,,21.5569,1.2922,1
5/31/1920,,,,21.8935,1.3056,1
6/30/1920,,,,23.6686,1.5315,1
7/31/1920,,,,19.5402,0.8717,0
8/31/1920,,,,14.6893,0.0652,0
9/30/1920,,,,12.3596,-0.3818,0
10/31/1920,,,,9.9448,-0.8734,0
11/30/1920,,,,7.027,-1.4883,0
12/31/1920,,,,2.6455,-2.3448,0
1/31/1921,,,,-1.5544,-3.0226,0
2/28/1921,,,,-5.641,-3.4626,0
3/31/1921,,,,-7.1066,-3.361,0
4/30/1921,,,,-10.8374,-3.514,0
5/31/1921,,,,-14.0777,-3.5202,0
6/30/1921,,,,-15.7895,-3.3374,0
7/31/1921,,,,-14.9038,-2.9573,0
8/31/1921,,,,-12.8079,-2.549,0
9/30/1921,,,,-12.5,-2.3602,0
10/31/1921,,,,-12.0603,-2.1863,0
11/30/1921,,,,-12.1212,-2.0742,0
12/31/1921,,,,-10.8247,-1.8673,0
1/31/1922,,,,-11.0526,-1.8009,0
2/28/1922,,,,-8.1522,-1.5002,0
3/31/1922,,,,-8.7432,-1.4891,0
4/30/1922,,,,-7.7348,-1.3573,0
5/31/1922,,,,-5.6497,-1.1526,0
6/30/1922,,,,-5.1136,-1.0738,0
7/31/1922,,,,-5.0847,-1.0365,0
8/31/1922,,,,-6.2147,-1.0871,0
9/30/1922,,,,-5.1429,-0.9711,0
10/31/1922,,,,-4.5714,-0.8964,0
11/30/1922,,,,-3.4483,-0.7826,0
12/31/1922,,,,-2.3121,-0.6701,0
1/31/1923,,,,-0.5917,-0.5136,0
2/28/1923,,,,-0.5917,-0.4925,0
3/31/1923,,,,0.5988,-0.3797,0
4/30/1923,,,,1.1976,-0.3177,0
5/31/1923,,,,1.1976,-0.3026,0
6/30/1923,,,,1.7964,-0.2407,0
7/31/1923,,,,2.381,-0.175,0
8/31/1923,,,,3.012,-0.1046,0
9/30/1923,,,,3.6145,-0.0364,0
10/31/1923,,,,3.5928,-0.0179,0
11/30/1923,,,,2.9762,-0.0454,0
12/31/1923,,,,2.3669,-0.0728,0
1/31/1924,,,,2.9762,0.0012,0
2/29/1924,,,,2.381,-0.0329,0
3/31/1924,,,,1.7857,-0.0638,0
4/30/1924,,,,0.5917,-0.1477,0
5/31/1924,,,,0.5917,-0.1254,0
6/30/1924,,,,0,-0.159,0
7/31/1924,,,,-0.5814,-0.1913,0
8/31/1924,,,,-0.5848,-0.1695,0
9/30/1924,,,,-0.5814,-0.1485,0
10/31/1924,,,,-0.578,-0.1275,0
11/30/1924,,,,-0.578,-0.1058,0
12/31/1924,,,,0,-0.0243,0
1/31/1925,,,,0,0.0046,0
2/28/1925,,,,0,0.0417,0
3/31/1925,,,,1.1696,0.2122,0
4/30/1925,,,,1.1765,0.2665,0
5/31/1925,,,,1.7647,0.4045,0
6/30/1925,,,,2.9412,0.6605,0
7/31/1925,,,,3.5088,0.8427,0
8/31/1925,,,,4.1176,1.0133,1
9/30/1925,,,,3.5088,0.9785,0
10/31/1925,,,,2.907,0.9249,0
11/30/1925,,,,4.6512,1.2467,1
12/31/1925,,,,3.4682,1.0347,1
1/31/1926,,,,3.4682,1.0113,1
2/28/1926,,,,4.0698,1.0795,1
3/31/1926,,,,2.8902,0.8479,0
4/30/1926,,,,4.0698,1.0192,1
5/31/1926,,,,2.8902,0.7927,0
6/30/1926,,,,1.1429,0.453,0
7/31/1926,,,,-1.1299,-0.0266,0
8/31/1926,,,,-1.6949,-0.1887,0
9/30/1926,,,,-1.1299,-0.1146,0
10/31/1926,,,,-0.565,-0.0319,0
11/30/1926,,,,-1.6667,-0.3651,0
12/31/1926,,,,-1.1173,-0.2834,0
1/31/1927,,,,-2.2346,-0.6893,0
2/28/1927,,,,-2.7933,-0.9285,0
3/31/1927,,,,-2.809,-1.0287,0
4/30/1927,,,,-3.352,-1.3024,0
5/31/1927,,,,-2.2472,-0.9603,0
6/30/1927,,,,-0.565,-0.3836,0
7/31/1927,,,,-1.1429,-0.6513,0
8/31/1927,,,,-1.1494,-0.7296,0
9/30/1927,,,,-1.1429,-0.791,0
10/31/1927,,,,-1.1364,-0.8476,0
11/30/1927,,,,-2.2599,-1.3913,0
12/31/1927,,,,-2.2599,-1.3925,0
1/31/1928,,,,-1.1429,-0.8667,0
2/29/1928,,,,-1.7241,-1.1185,0
3/31/1928,,,,-1.1561,-0.839,0
4/30/1928,,,,-1.1561,-0.8167,0
5/31/1928,,,,-1.1494,-0.792,0
6/30/1928,,,,-2.8409,-1.4957,0
7/31/1928,,,,-1.1561,-0.722,0
8/31/1928,,,,-0.5814,-0.4439,0
9/30/1928,,,,0,-0.1585,0
10/31/1928,,,,-1.1494,-0.6582,0
11/30/1928,,,,-0.578,-0.3699,0
12/31/1928,,,,-1.1561,-0.6177,0
1/31/1929,,,,-1.1561,-0.5925,0
2/28/1929,,,,0,-0.0199,0
3/31/1929,,,,-0.5848,-0.2855,0
4/30/1929,,,,-1.1696,-0.5548,0
5/31/1929,,,,-1.1628,-0.5364,0
6/30/1929,,,,0,0.0276,0
7/31/1929,,,,1.1696,0.5794,0
8/31/1929,,,,1.1696,0.5641,0
9/30/1929,,,,0,-0.0054,0
10/31/1929,,,,0.5814,0.2662,0
11/30/1929,,,,0.5814,0.257,0
12/31/1929,,,,0.5848,0.2537,0
1/31/1930,,,,0,-0.0288,0
2/28/1930,,,,-0.5848,-0.3063,0
3/31/1930,,,,-0.5882,-0.2943,0
4/30/1930,,,,0.5917,0.2815,0
5/31/1930,,,,-0.5882,-0.2727,0
6/30/1930,,,,-1.7544,-0.813,0
7/31/1930,,,,-4.0462,-1.8761,0
8/31/1930,,,,-4.6243,-2.0927,0
9/30/1930,,,,-4.0462,-1.7552,0
10/31/1930,,,,-4.6243,-1.9615,0
11/30/1930,,,,-5.2023,-2.2038,0
12/31/1930,,,,-6.3953,-2.6537,0
1/31/1931,,,,-7.0175,-2.7874,0
2/28/1931,,,,-7.6471,-2.9213,0
3/31/1931,,,,-7.6923,-2.7585,0
4/30/1931,,,,-8.8235,-3.0668,0
5/31/1931,,,,-9.4675,-3.0842,0
6/30/1931,,,,-10.119,-3.0429,0
7/31/1931,,,,-9.0361,-2.4473,0
8/31/1931,,,,-8.4848,-2.1212,0
9/30/1931,,,,-9.6386,-2.3542,0
10/31/1931,,,,-9.697,-2.2294,0
11/30/1931,,,,-10.3659,-2.2866,0
12/31/1931,,,,-9.3168,-1.8733,0
1/31/1932,,,,-10.0629,-1.9838,0
2/29/1932,,,,-10.1911,-1.9211,0
3/31/1932,,,,-10.2564,-1.8482,0
4/30/1932,,,,-10.3226,-1.7839,0
5/31/1932,,,,-10.4575,-1.7378,0
6/30/1932,,,,-9.9338,-1.5416,0
7/31/1932,,,,-9.9338,-1.4817,0
8/31/1932,,,,-10.596,-1.5762,0
9/30/1932,,,,-10.6667,-1.5297,0
10/31/1932,,,,-10.7383,-1.4865,0
11/30/1932,,,,-10.2041,-1.3142,0
12/31/1932,,,,-10.274,-1.2839,0
1/31/1933,,,,-9.7902,-1.1349,0
2/28/1933,,,,-9.9291,-1.1274,0
3/31/1933,,,,-10,-1.1052,0
4/30/1933,,,,-9.3525,-0.9296,0
5/31/1933,,,,-8.0292,-0.6119,0
6/30/1933,,,,-6.6176,-0.2832,0
7/31/1933,,,,-3.6765,0.3868,0
8/31/1933,,,,-2.2222,0.7246,0
9/30/1933,,,,-1.4925,0.9009,0
10/31/1933,,,,-0.7519,1.0665,1
11/30/1933,,,,0,1.2322,1
12/31/1933,,,,0.7634,1.3861,1
1/31/1934,,,,2.3256,1.6946,1
2/28/1934,,,,4.7244,2.1441,1
3/31/1934,,,,5.5556,2.2201,1
4/30/1934,,,,5.5556,2.1224,1
5/31/1934,,,,5.5556,2.0343,1
6/30/1934,,,,5.5118,1.9562,1
7/31/1934,,,,2.2901,1.3381,1
8/31/1934,,,,1.5152,1.1897,1
9/30/1934,,,,3.0303,1.4484,1
10/31/1934,,,,2.2727,1.2945,1
11/30/1934,,,,2.2727,1.2817,1
12/31/1934,,,,1.5152,1.1363,1
1/31/1935,,,,3.0303,1.3896,1
2/28/1935,,,,3.0075,1.3589,1
3/31/1935,,,,3.0075,1.3333,1
4/30/1935,,,,3.7594,1.4409,1
5/31/1935,,,,3.7594,1.4092,1
6/30/1935,,,,2.2388,1.1247,1
7/31/1935,,,,2.2388,1.0953,1
8/31/1935,,,,2.2388,1.0654,1
9/30/1935,,,,0.7353,0.7955,0
10/31/1935,,,,1.4815,0.8968,0
11/30/1935,,,,2.2222,0.9909,0
12/31/1935,,,,2.9851,1.0811,1
1/31/1936,,,,1.4706,0.809,0
2/29/1936,,,,0.7299,0.6661,0
3/31/1936,,,,0,0.5277,0
4/30/1936,,,,-0.7246,0.3902,0
5/31/1936,,,,-0.7246,0.3694,0
6/30/1936,,,,0.7299,0.5848,0
7/31/1936,,,,1.4599,0.6809,0
8/31/1936,,,,2.1898,0.7758,0
9/30/1936,,,,2.1898,0.7486,0
10/31/1936,,,,2.1898,0.7219,0
11/30/1936,,,,1.4493,0.5702,0
12/31/1936,,,,1.4493,0.5456,0
1/31/1937,,,,2.1739,0.647,0
2/28/1937,,,,2.1739,0.6214,0
3/31/1937,,,,3.6496,0.8619,0
4/30/1937,,,,4.3796,0.9687,0
5/31/1937,,,,5.1095,1.0778,1
6/30/1937,,,,4.3478,0.9057,0
7/31/1937,,,,4.3165,0.8748,0
8/31/1937,,,,3.5714,0.7026,0
9/30/1937,,,,4.2857,0.8323,0
10/31/1937,,,,4.2857,0.816,0
11/30/1937,,,,3.5714,0.6337,0
12/31/1937,,,,2.8571,0.4374,0
1/31/1938,,,,0.7092,-0.1687,0
2/28/1938,,,,0,-0.4472,0
3/31/1938,,,,-0.7042,-0.7871,0
4/30/1938,,,,-0.6993,-0.9455,0
5/31/1938,,,,-2.0833,-1.6884,0
6/30/1938,,,,-2.0833,-1.8937,0
7/31/1938,,,,-2.7586,-2.2572,0
8/31/1938,,,,-2.7586,-2.2325,0
9/30/1938,,,,-3.4247,-2.454,0
10/31/1938,,,,-4.1096,-2.6102,0
11/30/1938,,,,-3.4483,-2.2109,0
12/31/1938,,,,-2.7778,-1.851,0
1/31/1939,,,,-1.4085,-1.2509,0
2/28/1939,,,,-1.4184,-1.2138,0
3/31/1939,,,,-1.4184,-1.179,0
4/30/1939,,,,-2.8169,-1.6888,0
5/31/1939,,,,-2.1277,-1.3699,0
6/30/1939,,,,-2.1277,-1.3334,0
7/31/1939,,,,-2.1277,-1.2869,0
8/31/1939,,,,-2.1277,-1.2455,0
9/30/1939,,,,0,-0.3669,0
10/31/1939,,,,0,-0.352,0
11/30/1939,,,,0,-0.3373,0
12/31/1939,,,,0,-0.3269,0
1/31/1940,,,,-0.7143,-0.595,0
2/29/1940,,,,0.7194,0.0074,0
3/31/1940,,,,0.7194,0.0233,0
4/30/1940,,,,1.4493,0.3472,0
5/31/1940,,,,1.4493,0.3686,0
6/30/1940,,,,2.1739,0.6788,0
7/31/1940,,,,1.4493,0.3759,0
8/31/1940,,,,1.4493,0.3828,0
9/30/1940,,,,-0.7092,-0.5336,0
10/31/1940,,,,0,-0.2191,0
11/30/1940,,,,0,-0.204,0
12/31/1940,,,,0.7143,0.1215,0
1/31/1941,,,,1.4388,0.4374,0
2/28/1941,,,,0.7143,0.1219,0
3/31/1941,,,,1.4286,0.4221,0
4/30/1941,,,,2.1429,0.7106,0
5/31/1941,,,,2.8571,0.9889,0
6/30/1941,,,,4.2553,1.5348,1
7/31/1941,,,,5,1.7763,1
8/31/1941,,,,6.4286,2.2394,1
9/30/1941,,,,7.8571,2.6061,1
10/31/1941,,,,9.2857,2.8713,1
11/30/1941,,,,10,2.847,1
12/31/1941,,,,9.9291,2.6109,1
1/31/1942,,,,11.3475,2.7862,1
2/28/1942,,,,12.0567,2.7427,1
3/31/1942,,,,12.6761,2.6879,1
4/30/1942,,,,12.5874,2.4963,1
5/31/1942,,,,13.1944,2.4768,1
6/30/1942,,,,10.8844,1.886,1
7/31/1942,,,,11.5646,1.9435,1
8/31/1942,,,,10.7383,1.7037,1
9/30/1942,,,,9.2715,1.3685,1
10/31/1942,,,,9.1503,1.3099,1
11/30/1942,,,,9.0909,1.2628,1
12/31/1942,,,,9.0323,1.2157,1
1/31/1943,,,,7.6433,0.9212,0
2/28/1943,,,,6.962,0.7671,0
3/31/1943,,,,7.5,0.8418,0
4/30/1943,,,,8.0745,0.9204,0
5/31/1943,,,,7.362,0.7585,0
6/30/1943,,,,7.362,0.7321,0
7/31/1943,,,,6.0976,0.4674,0
8/31/1943,,,,4.8485,0.2045,0
9/30/1943,,,,5.4545,0.2991,0
10/31/1943,,,,4.1916,0.0209,0
11/30/1943,,,,3.5714,-0.1317,0
12/31/1943,,,,2.9586,-0.2838,0
1/31/1944,,,,2.9586,-0.3028,0
2/29/1944,,,,2.9586,-0.3224,0
3/31/1944,,,,1.1628,-0.7275,0
4/30/1944,,,,0.5747,-0.8822,0
5/31/1944,,,,0,-1.0281,0
6/30/1944,,,,0.5714,-0.9214,0
7/31/1944,,,,1.7241,-0.6855,0
8/31/1944,,,,2.3121,-0.5776,0
9/30/1944,,,,1.7241,-0.7274,0
10/31/1944,,,,1.7241,-0.739,0
11/30/1944,,,,1.7241,-0.7508,0
12/31/1944,,,,2.2989,-0.6273,0
1/31/1945,,,,2.2989,-0.6475,0
2/28/1945,,,,2.2989,-0.6576,0
3/31/1945,,,,2.2989,-0.6679,0
4/30/1945,,,,1.7143,-0.8147,0
5/31/1945,,,,2.2857,-0.6782,0
6/30/1945,,,,2.8409,-0.5438,0
7/31/1945,,,,2.2599,-0.6939,0
8/31/1945,,,,2.2599,-0.6992,0
9/30/1945,,,,2.2599,-0.7214,0
10/31/1945,,,,2.2599,-0.7383,0
11/30/1945,,,,2.2599,-0.7557,0
12/31/1945,,,,2.2472,-0.7706,0
1/31/1946,,,,2.2472,-0.7766,0
2/28/1946,,,,1.6854,-0.9322,0
3/31/1946,,,,2.809,-0.646,0
4/30/1946,,,,3.3708,-0.5047,0
5/31/1946,,,,3.352,-0.5125,0
6/30/1946,,,,3.3149,-0.5173,0
7/31/1946,,,,9.3923,1.0647,1
8/31/1946,,,,11.6022,1.588,1
9/30/1946,,,,12.7072,1.8047,1
10/31/1946,,,,14.9171,2.2483,1
11/30/1946,,,,17.6796,2.7204,1
12/31/1946,,,,18.1319,2.64,1
1/31/1947,,,,18.1319,2.5009,1
2/28/1947,,,,18.7845,2.5012,1
3/31/1947,,,,19.6721,2.5385,1
4/30/1947,,,,19.0217,2.3117,1
5/31/1947,,,,18.3784,2.1216,1
6/30/1947,,,,17.6471,1.919,1
7/31/1947,,,,12.1212,0.9636,0
8/31/1947,,,,11.3861,0.834,0
9/30/1947,,,,12.7451,1.0495,1
10/31/1947,,,,10.5769,0.6742,0
11/30/1947,,,,8.4507,0.3145,0
12/31/1947,,,,8.8372,0.3809,0
1/31/1948,3.4,,,10.2326,0.6094,0
2/29/1948,3.8,,,9.3023,0.4441,0
3/31/1948,4,,,6.8493,0.0302,0
4/30/1948,3.9,,,8.6758,0.3379,0
5/31/1948,3.5,,,9.1324,0.4097,0
6/30/1948,3.6,,,9.5455,0.4726,0
7/31/1948,3.6,,,9.9099,0.5223,0
8/31/1948,3.9,,,8.8889,0.3388,0
9/30/1948,3.8,,,6.5217,-0.0631,0
10/31/1948,3.7,,,6.087,-0.142,0
11/30/1948,3.8,,,4.7619,-0.3697,0
12/31/1948,4,,,2.9915,-0.6692,0
1/31/1949,4.3,,,1.2658,-0.9526,0
2/28/1949,4.7,,,1.2766,-0.9424,0
3/31/1949,5,,,1.7094,-0.8725,0
4/30/1949,5.3,,,0.4202,-1.0883,0
5/31/1949,6.1,,,-0.4184,-1.2262,0
6/30/1949,6.2,,,-0.8299,-1.2853,0
7/31/1949,6.7,,,-2.8689,-1.5877,0
8/31/1949,6.8,,,-2.8571,-1.5461,0
9/30/1949,6.6,,,-2.449,-1.4502,0
10/31/1949,7.9,,,-2.8689,-1.484,0
11/30/1949,6.4,,,-1.6529,-1.2721,0
12/31/1949,6.6,,,-2.0747,-1.3116,0
1/31/1950,6.5,,,-2.0833,-1.2874,0
2/28/1950,6.4,,,-1.2605,-1.1436,0
3/31/1950,6.3,,,-0.8403,-1.0649,0
4/30/1950,5.8,,,-1.2552,-1.1123,0
5/31/1950,5.5,,,-0.4202,-0.9757,0
6/30/1950,5.4,,,-0.4184,-0.9616,0
7/31/1950,5,,,1.6878,-0.6488,0
8/31/1950,4.5,,,2.1008,-0.5873,0
9/30/1950,4.4,,,2.0921,-0.5881,0
10/31/1950,4.2,,,3.7975,-0.341,0
11/30/1950,4.2,,,3.7815,-0.3477,0
12/31/1950,4.3,,,5.9322,-0.0388,0
1/31/1951,3.7,,,8.0851,0.2668,0
2/28/1951,3.4,,,9.3617,0.4386,0
3/31/1951,3.4,,,9.322,0.4169,0
4/30/1951,3.1,,,9.322,0.4023,0
5/31/1951,3,,,9.2827,0.382,0
6/30/1951,3.2,,,8.8235,0.3001,0
7/31/1951,3.1,,,7.4689,0.1024,0
8/31/1951,3.1,,,6.5844,-0.0177,0
9/30/1951,3.3,,,6.9672,0.0547,0
10/31/1951,3.5,,,6.5041,0.0059,0
11/30/1951,3.5,,,6.8826,0.0941,0
12/31/1951,3.1,,,6,-0.0136,0
1/31/1952,3.2,,,4.3307,-0.2563,0
2/29/1952,3.1,,,2.3346,-0.5682,0
3/31/1952,2.9,,,1.938,-0.6173,0
4/30/1952,2.9,,,2.3256,-0.5231,0
5/31/1952,3,,,1.9305,-0.5802,0
6/30/1952,3,,,2.3166,-0.4768,0
7/31/1952,3.2,,,3.0888,-0.2798,0
8/31/1952,3.4,,,3.0888,-0.254,0
9/30/1952,3.1,,,2.2989,-0.41,0
10/31/1952,3,,,1.9084,-0.4782,0
11/30/1952,2.8,,,1.1364,-0.6414,0
12/31/1952,2.7,,,0.7547,-0.7087,0
1/31/1953,2.9,,,0.3774,-0.7758,0
2/28/1953,2.6,,,0.7605,-0.6531,0
3/31/1953,2.6,,,1.1407,-0.5336,0
4/30/1953,2.7,,,0.7576,-0.607,0
5/31/1953,2.5,,,1.1364,-0.4826,0
6/30/1953,2.5,,,1.1321,-0.458,0
7/31/1953,2.6,,,0.3745,-0.6409,0
8/31/1953,2.7,,,0.7491,-0.5097,0
9/30/1953,2.9,,,0.7491,-0.4865,0
10/31/1953,3.1,,,1.1236,-0.3561,0
11/30/1953,3.5,,,0.7491,-0.448,0
12/31/1953,4.5,,,0.7491,-0.4364,0
1/31/1954,4.9,,,1.1278,-0.3238,0
2/28/1954,5.2,,,1.5094,-0.2124,0
3/31/1954,5.7,,,1.1278,-0.322,0
4/30/1954,5.9,,,0.7519,-0.4349,0
5/31/1954,5.9,,,0.7491,-0.443,0
6/30/1954,5.6,,,0.3731,-0.5629,0
7/31/1954,5.8,,0.8,0.3731,-0.5892,0
8/31/1954,6,,1.22,0,-0.7291,0
9/30/1954,6.1,,1.07,-0.3717,-0.8653,0
10/31/1954,5.7,,0.85,-0.7407,-1.0067,0
11/30/1954,5.3,,0.83,-0.3717,-0.9033,0
12/31/1954,5,,1.28,-0.7435,-1.0384,0
1/31/1955,4.9,,1.39,-0.7435,-1.0554,0
2/28/1955,4.7,,1.29,-0.7435,-1.0616,0
3/31/1955,4.6,,1.35,-0.7435,-1.0628,0
4/30/1955,4.7,,1.43,-0.3731,-0.9517,0
5/31/1955,4.3,,1.43,-0.7435,-1.0696,0
6/30/1955,4.2,,1.64,-0.7435,-1.0658,0
7/31/1955,4,,1.68,-0.3717,-0.9267,0
8/31/1955,4.2,,1.96,-0.3717,-0.9069,0
9/30/1955,4.1,,2.18,0.3731,-0.6551,0
10/31/1955,4.3,,2.24,0.3731,-0.6356,0
11/30/1955,4.2,,2.35,0.3731,-0.6165,0
12/31/1955,4.2,,2.48,0.3745,-0.5915,0
1/31/1956,4,,2.45,0.3745,-0.5664,0
2/29/1956,3.9,,2.5,0.3745,-0.5435,0
3/31/1956,4.2,,2.5,0.3745,-0.5212,0
4/30/1956,4,,2.62,0.7491,-0.3534,0
5/31/1956,4.3,,2.75,1.1236,-0.1633,0
6/30/1956,4.3,,2.71,1.8727,0.2347,0
7/31/1956,4.4,,2.75,2.2388,0.4883,0
8/31/1956,4.1,,2.73,1.8657,0.3595,0
9/30/1956,3.9,,2.95,1.8587,0.4428,0
10/31/1956,3.9,,2.96,2.2305,0.785,0
11/30/1956,4.3,,2.88,2.2305,0.9671,0
12/31/1956,4.2,,2.94,2.9851,1.7983,1
1/31/1957,4.2,,2.84,2.9851,1.9119,1
2/28/1957,3.9,,3,3.3582,2.179,1
3/31/1957,3.7,,2.96,3.7313,2.3792,1
4/30/1957,3.9,,3,3.7175,2.268,1
5/31/1957,4.1,,3,3.7037,2.1526,1
6/30/1957,4.3,,3,3.3088,1.7897,1
7/31/1957,4.2,,2.99,3.2847,1.7604,1
8/31/1957,4.1,,3.24,3.663,2.0205,1
9/30/1957,4.4,,3.47,3.2847,1.6875,1
10/31/1957,4.5,,3.5,2.9091,1.3727,1
11/30/1957,5.1,,3.28,3.2727,1.5826,1
12/31/1957,5.2,,2.98,2.8986,1.2658,1
1/31/1958,5.8,,2.72,3.6232,1.7094,1
2/28/1958,6.4,,1.67,3.2491,1.3937,1
3/31/1958,6.7,,1.2,3.5971,1.5722,1
4/30/1958,7.4,,1.26,3.5842,1.503,1
5/31/1958,7.4,,0.63,3.2143,1.2178,1
6/30/1958,7.3,,0.93,2.847,0.9502,0
7/31/1958,7.5,,0.68,2.4735,0.6835,0
8/31/1958,7.4,,1.53,2.1201,0.4381,0
9/30/1958,7.1,,1.76,2.1201,0.4233,0
10/31/1958,6.7,,1.8,2.1201,0.412,0
11/30/1958,6.2,,2.27,2.1127,0.3926,0
12/31/1958,6.2,,2.42,1.7606,0.1522,0
1/31/1959,6,,2.48,1.3986,-0.0874,0
2/28/1959,5.9,,2.43,1.049,-0.3107,0
3/31/1959,5.6,,2.8,0.3472,-0.7574,0
4/30/1959,5.2,,2.96,0.346,-0.7517,0
5/31/1959,5.1,,2.9,0.346,-0.7453,0
6/30/1959,5,,3.39,0.692,-0.526,0
7/31/1959,5.1,,3.47,0.6897,-0.5322,0
8/31/1959,5.2,,3.5,1.0381,-0.3194,0
9/30/1959,5.5,,3.76,1.3841,-0.1135,0
10/31/1959,5.7,,3.98,1.7301,0.0905,0
11/30/1959,5.8,,4,1.3793,-0.1693,0
12/31/1959,5.3,,3.99,1.7301,0.0446,0
1/31/1960,5.2,4.0475,3.99,1.0345,-0.477,0
2/29/1960,4.8,3.7192,3.97,1.7301,-0.0056,0
3/31/1960,5.4,3.4924,3.84,1.7301,-0.0372,0
4/30/1960,5.2,3.4471,3.92,1.7241,-0.0701,0
5/31/1960,5.1,2.9774,3.85,1.7241,-0.1059,0
6/30/1960,5.4,2.7882,3.32,1.7182,-0.1497,0
7/31/1960,5.5,3.0149,3.23,1.3699,-0.4821,0
8/31/1960,5.6,3.5425,2.98,1.3699,-0.5244,0
9/30/1960,5.5,3.9434,2.6,1.0239,-0.8543,0
10/31/1960,6.1,4.3845,2.47,1.3605,-0.5724,0
11/30/1960,6.1,4.6449,2.44,1.3605,-0.5972,0
12/31/1960,6.6,4.9026,1.98,1.3605,-0.6231,0
1/31/1961,6.6,5.332,1.45,1.7065,-0.3211,0
2/28/1961,6.9,6.0657,2.54,1.3605,-0.6866,0
3/31/1961,6.9,6.3481,2.02,1.3605,-0.7171,0
4/30/1961,7,6.5978,1.49,1.0169,-1.0752,0
5/31/1961,7.1,7.0788,1.98,1.0169,-1.0714,0
6/30/1961,6.9,7.2775,1.73,0.6757,-1.3752,0
7/31/1961,7,7.07,1.17,1.3514,-0.6828,0
8/31/1961,6.6,6.7449,2,1.0135,-0.9965,0
9/30/1961,6.7,6.8418,1.88,1.3514,-0.6524,0
10/31/1961,6.5,6.979,2.26,0.6711,-1.2781,0
11/30/1961,6.1,7.2371,2.61,0.6711,-1.2369,0
12/31/1961,6,7.3944,2.33,0.6711,-1.195,0
1/31/1962,5.8,7.4499,2.15,0.6711,-1.1551,0
2/28/1962,5.5,7.4566,2.37,1.0067,-0.8079,0
3/31/1962,5.6,7.7914,2.85,1.0067,-0.7827,0
4/30/1962,5.6,8.0025,2.78,1.3423,-0.4256,0
5/31/1962,5.5,7.8523,2.36,1.3423,-0.3987,0
6/30/1962,5.5,7.7089,2.68,1.3423,-0.3729,0
7/31/1962,5.4,7.7396,2.71,1,-0.7151,0
8/31/1962,5.7,7.6923,2.93,1.3378,-0.3148,0
9/30/1962,5.6,7.7086,2.9,1.3333,-0.2918,0
10/31/1962,5.4,7.8828,2.9,1.3333,-0.2663,0
11/30/1962,5.7,7.9184,2.94,1.3333,-0.2361,0
12/31/1962,5.5,8.1073,2.93,1.3333,-0.2087,0
1/31/1963,5.7,8.2074,2.92,1.3333,-0.1709,0
2/28/1963,5.9,8.1741,3,0.9967,-0.616,0
3/31/1963,5.7,8.0443,2.98,1.3289,-0.0845,0
4/30/1963,5.7,8.0463,2.9,0.9934,-0.622,0
5/31/1963,5.9,8.2302,3,0.9934,-0.6177,0
6/30/1963,5.6,8.3309,2.99,1.3245,0.1063,0
7/31/1963,5.6,8.6374,3.02,1.3201,0.148,0
8/31/1963,5.4,8.7302,3.49,1.3201,0.1858,0
9/30/1963,5.5,8.763,3.48,0.9868,-0.5983,0
10/31/1963,5.5,8.7066,3.5,1.3158,0.2753,0
11/30/1963,5.7,8.8105,3.48,1.3158,0.3262,0
12/31/1963,5.5,8.4092,3.38,1.6447,1.2517,1
1/31/1964,5.6,8.2147,3.48,1.6447,1.2274,1
2/29/1964,5.4,8.0728,3.48,1.6447,1.1871,1
3/31/1964,5.4,7.85,3.43,1.3115,0.2451,0
4/30/1964,5.3,7.6078,3.47,1.3115,0.2107,0
5/31/1964,5.1,7.4714,3.5,1.3115,0.1732,0
6/30/1964,5.2,7.5846,3.5,1.3072,0.1297,0
7/31/1964,4.9,7.6096,3.42,1.3029,0.0839,0
8/31/1964,5,7.7685,3.5,0.9772,-1.0393,0
9/30/1964,5.1,8.0052,3.45,1.3029,0.0919,0
10/31/1964,5.1,7.932,3.36,0.974,-1.016,0
11/30/1964,4.8,7.7905,3.52,1.2987,0.1273,0
12/31/1964,5,8.0112,3.85,0.9709,-0.9942,0
1/31/1965,4.9,8.1731,3.9,0.9709,-0.9871,0
2/28/1965,5.1,8.2495,3.98,0.9709,-0.9591,0
3/31/1965,4.7,8.3542,4.05,1.2945,0.2443,0
4/30/1965,4.8,8.3893,4.09,1.6181,1.4705,1
5/31/1965,4.6,8.1395,4.1,1.6181,1.4941,1
6/30/1965,4.6,8.1061,4.05,1.9355,2.6054,1
7/31/1965,4.4,7.998,4.09,1.6077,1.3631,1
8/31/1965,4.4,7.8374,4.12,1.9355,2.3976,1
9/30/1965,4.3,7.8196,4.02,1.6077,1.2204,1
10/31/1965,4.2,7.9933,4.08,1.9293,2.1964,1
11/30/1965,4.1,7.9858,4.1,1.6026,1.098,1
12/31/1965,4,8.1234,4.32,1.9231,2.0365,1
1/31/1966,4,8.0702,4.42,1.9231,1.9868,1
2/28/1966,3.8,7.9461,4.6,2.5641,3.4735,1
3/31/1966,3.8,7.8486,4.66,2.5559,3.1026,1
4/30/1966,3.8,7.7859,4.67,2.8662,3.4162,1
5/31/1966,3.9,7.5498,4.9,2.8662,3.0766,1
6/30/1966,3.8,7.0666,5.17,2.5316,2.2574,1
7/31/1966,3.8,6.322,5.3,2.8481,2.6651,1
8/31/1966,3.8,6.0117,5.53,3.481,3.4025,1
9/30/1966,3.7,5.762,5.4,3.481,3.0615,1
10/31/1966,3.7,5.1038,5.53,3.7855,3.1852,1
11/30/1966,3.6,4.74,5.76,3.7855,2.9154,1
12/31/1966,3.8,4.5732,5.4,3.4591,2.3311,1
1/31/1967,3.9,4.2424,4.94,3.4591,2.2053,1
2/28/1967,3.8,4.4124,5,2.8125,1.3404,1
3/31/1967,3.8,4.8159,4.53,2.8037,1.2828,1
4/30/1967,3.8,4.8583,4.05,2.4768,0.8506,0
5/31/1967,3.8,5.7647,3.94,2.7864,1.1917,1
6/30/1967,3.9,6.5365,3.98,2.7778,1.1421,1
7/31/1967,3.8,7.5175,3.79,2.7692,1.0944,1
8/31/1967,3.8,8.0829,3.9,2.4465,0.6807,0
9/30/1967,3.8,8.2667,3.99,2.7523,1.0171,1
10/31/1967,4,8.9342,3.88,2.4316,0.6093,0
11/30/1967,3.9,9.1976,4.13,2.7356,0.9445,0
12/31/1967,3.8,9.2878,4.51,3.0395,1.2639,1
1/31/1968,3.7,9.51,4.61,3.6474,1.8906,1
2/29/1968,3.8,9.3383,4.71,3.9514,2.1249,1
3/31/1968,3.7,8.883,5.05,3.9394,2.0018,1
4/30/1968,3.5,8.86,5.76,3.9275,1.8987,1
5/31/1968,3.5,8.387,6.12,3.9157,1.806,1
6/30/1968,3.7,8.0876,6.07,4.2042,2.0028,1
7/31/1968,3.7,7.7622,6.03,4.491,2.1677,1
8/31/1968,3.5,7.5568,6.03,4.4776,2.0422,1
9/30/1968,3.4,7.5578,5.78,4.4643,1.938,1
10/31/1968,3.4,7.6032,5.91,4.7478,2.0896,1
11/30/1968,3.4,7.9048,5.82,4.7337,1.9745,1
12/31/1968,3.4,8.003,6.02,4.7198,1.8678,1
1/31/1969,3.4,7.9446,6.3,4.3988,1.5246,1
2/28/1969,3.4,7.8243,6.61,4.6784,1.6895,1
3/31/1969,3.4,7.7269,6.79,5.2478,2.0606,1
4/30/1969,3.4,7.4669,7.41,5.5233,2.1639,1
5/31/1969,3.4,6.9772,8.67,5.5072,2.044,1
6/30/1969,3.5,6.6163,8.9,5.4755,1.9266,1
7/31/1969,3.5,6.2133,8.61,5.4441,1.8214,1
8/31/1969,3.5,5.5879,9.19,5.7143,1.9406,1
9/30/1969,3.7,5.1481,9.15,5.698,1.8468,1
10/31/1969,3.7,4.627,9,5.6657,1.7581,1
11/30/1969,3.5,4.0896,8.85,5.9322,1.8712,1
12/31/1969,3.5,3.7227,8.97,6.1972,1.9803,1
1/31/1970,3.9,3.5658,8.98,6.1798,1.8965,1
2/28/1970,4.2,2.5179,8.98,6.1453,1.8101,1
3/31/1970,4.4,2.2458,7.76,5.8172,1.5284,1
4/30/1970,4.6,2.206,8.1,6.0606,1.6405,1
5/31/1970,4.8,2.6019,7.95,6.044,1.5734,1
6/30/1970,4.9,2.8868,7.61,6.0109,1.4958,1
7/31/1970,5,3.3822,7.21,5.9783,1.4282,1
8/31/1970,5.1,4.2751,6.62,5.4054,0.992,0
9/30/1970,5.4,4.9991,6.29,5.6604,1.1422,1
10/31/1970,5.5,5.6565,6.2,5.63,1.0876,1
11/30/1970,5.9,6.0984,5.6,5.6,1.0388,1
12/31/1970,6.1,6.5657,4.9,5.5703,0.9881,0
1/31/1971,5.9,7.344,4.14,5.291,0.7504,0
2/28/1971,5.9,9.3297,3.72,5,0.4994,0
3/31/1971,6,10.6589,3.71,4.712,0.248,0
4/30/1971,5.9,11.8967,4.16,4.1558,-0.219,0
5/31/1971,5.9,12.7134,4.63,4.4041,-0.0383,0
6/30/1971,5.9,13.0712,4.91,4.6392,0.1295,0
7/31/1971,6,13.4368,5.31,4.359,-0.1302,0
8/31/1971,6.1,13.3245,5.57,4.6154,0.074,0
9/30/1971,6,13.3017,5.55,4.0816,-0.3979,0
10/31/1971,5.8,13.303,5.2,3.8071,-0.6368,0
11/30/1971,6,13.4439,4.91,3.2828,-1.0781,0
12/31/1971,6,13.3759,4.14,3.2663,-1.0865,0
1/31/1972,5.8,13.3986,3.51,3.2663,-1.0806,0
2/29/1972,5.7,13.2137,3.3,3.5088,-0.8932,0
3/31/1972,5.8,12.8635,3.83,3.5,-0.9224,0
4/30/1972,5.7,12.1507,4.17,3.4913,-0.9654,0
5/31/1972,5.7,11.4894,4.27,3.2258,-1.2221,0
6/30/1972,5.7,11.3967,4.46,2.7094,-1.6867,0
7/31/1972,5.6,11.7569,4.55,2.9484,-1.4792,0
8/31/1972,5.6,12.1371,4.81,2.9412,-1.5132,0
9/30/1972,5.5,12.3899,4.87,3.1863,-1.3073,0
10/31/1972,5.6,12.6718,5.05,3.423,-1.1301,0
11/30/1972,5.3,12.6739,5.06,3.6675,-0.9306,0
12/31/1972,5.2,12.9523,5.33,3.4063,-1.2011,0
1/31/1973,4.9,12.9023,5.94,3.6496,-0.962,0
2/28/1973,5,12.1813,6.58,3.8741,-0.7394,0
3/31/1973,4.9,11.152,7.09,4.5894,-0.0477,0
4/30/1973,5,11.0103,7.12,5.0602,0.3991,0
5/31/1973,4.9,11.2337,7.84,5.5288,0.8347,0
6/30/1973,4.9,11.1511,8.49,5.9952,1.251,1
7/31/1973,4.8,10.1382,10.4,5.7279,0.9626,0
8/31/1973,4.8,9.1193,10.5,7.381,2.3908,1
9/30/1973,4.8,7.8376,10.78,7.3634,2.2298,1
10/31/1973,4.6,7.0784,10.01,7.8014,2.4357,1
11/30/1973,4.8,6.9278,10.03,8.2547,2.5993,1
12/31/1973,4.9,6.6309,9.95,8.7059,2.7116,1
1/31/1974,5.1,6.0965,9.65,9.3897,2.9167,1
2/28/1974,5.2,6.154,8.97,10.0233,3.019,1
3/31/1974,5.1,6.7215,9.35,10.3926,2.9469,1
4/30/1974,5.1,6.4902,10.51,10.0917,2.5705,1
5/31/1974,5.1,5.7813,11.31,10.7062,2.6744,1
6/30/1974,5.4,5.3402,11.93,10.8597,2.5505,1
7/31/1974,5.5,5.3676,12.92,11.5124,2.6395,1
8/31/1974,5.5,5.4006,12.01,10.8647,2.2115,1
9/30/1974,5.9,5.7905,11.34,11.9469,2.4865,1
10/31/1974,6,6.0171,10.06,12.0614,2.3666,1
11/30/1974,6.6,5.8546,9.45,12.2004,2.2716,1
12/31/1974,7.2,5.4471,8.53,12.3377,2.1882,1
1/31/1975,8.1,5.4205,7.13,11.8026,1.9044,1
2/28/1975,8.1,5.7741,6.24,11.2288,1.6405,1
3/31/1975,8.6,6.3096,5.54,10.251,1.2726,1
4/30/1975,8.8,7.1257,5.49,10.2083,1.22,1
5/31/1975,9,8.381,5.22,9.465,0.9533,0
6/30/1975,8.8,9.7061,5.55,9.3878,0.9041,0
7/31/1975,8.6,10.6308,6.1,9.7166,0.9813,0
8/31/1975,8.4,11.1978,6.14,8.6,0.6095,0
9/30/1975,8.4,11.668,6.24,7.9051,0.3779,0
10/31/1975,8.4,11.6982,5.82,7.4364,0.2203,0
11/30/1975,8.3,12.0521,5.22,7.3786,0.1928,0
12/31/1975,8.2,12.6483,5.2,6.9364,0.0457,0
1/31/1976,7.9,13.2738,4.87,6.7179,-0.0311,0
2/29/1976,7.7,13.8059,4.77,6.2857,-0.1756,0
3/31/1976,7.6,13.5135,4.84,6.0721,-0.2516,0
4/30/1976,7.7,13.4424,4.82,6.0491,-0.2706,0
5/31/1976,7.4,13.1026,5.29,6.203,-0.232,0
6/30/1976,7.6,11.9003,5.48,5.9701,-0.3156,0
7/31/1976,7.8,11.404,5.31,5.3506,-0.5237,0
8/31/1976,7.8,11.7587,5.29,5.709,-0.4145,0
9/30/1976,7.6,12.0323,5.25,5.4945,-0.495,0
10/31/1976,7.7,12.748,5.02,5.4645,-0.5177,0
11/30/1976,7.8,13.04,4.95,4.8825,-0.7254,0
12/31/1976,7.8,13.3635,4.65,4.8649,-0.747,0
1/31/1977,7.5,13.5009,4.61,5.2158,-0.6467,0
2/28/1977,7.6,13.1981,4.68,5.914,-0.4276,0
3/31/1977,7.4,13.1905,4.69,6.4401,-0.2668,0
4/30/1977,7.2,13.0845,4.73,6.9519,-0.1099,0
5/31/1977,7,12.7693,5.35,6.7257,-0.2144,0
6/30/1977,7.2,13.0104,5.39,6.8662,-0.1933,0
7/31/1977,6.9,12.9246,5.42,6.8301,-0.2359,0
8/31/1977,7,12.5876,5.9,6.6202,-0.3468,0
9/30/1977,6.8,12.1894,6.14,6.5972,-0.3867,0
10/31/1977,6.8,11.4667,6.47,6.3903,-0.4991,0
11/30/1977,6.8,10.912,6.51,6.7241,-0.3928,0
12/31/1977,6.4,10.2691,6.56,6.701,-0.4363,0
1/31/1978,6.4,9.8266,6.7,6.8376,-0.411,0
2/28/1978,6.3,9.1627,6.78,6.4298,-0.6209,0
3/31/1978,6.3,8.7253,6.79,6.5546,-0.5888,0
4/30/1978,6.1,8.4028,6.89,6.5,-0.631,0
5/31/1978,6,8.3954,7.36,6.9652,-0.4329,0
6/30/1978,5.9,8.269,7.6,7.4135,-0.2386,0
7/31/1978,6.2,7.94,7.81,7.7049,-0.1198,0
8/31/1978,5.9,7.8011,8.04,7.8431,-0.0588,0
9/30/1978,6,7.9281,8.45,8.3062,0.1508,0
10/31/1978,5.8,7.8389,8.96,8.9286,0.4329,0
11/30/1978,5.9,7.66,9.76,8.8853,0.4072,0
12/31/1978,6,7.5337,10.03,9.0177,0.4662,0
1/31/1979,5.9,7.1814,10.07,9.28,0.5898,0
2/28/1979,5.9,7.1801,10.06,9.8569,0.8615,0
3/31/1979,5.8,7.3982,10.09,10.0946,0.9774,0
4/30/1979,5.8,7.8207,10.01,10.4851,1.1535,1
5/31/1979,5.6,7.6078,10.24,10.8527,1.3221,1
6/30/1979,5.7,7.9257,10.29,10.8896,1.3386,1
7/31/1979,5.7,8.3604,10.47,11.2633,1.5195,1
8/31/1979,6,8.4814,10.94,11.8182,1.7512,1
9/30/1979,5.9,8.1115,11.43,12.1805,1.9104,1
10/31/1979,6,7.9938,13.77,12.0715,1.8598,1
11/30/1979,5.9,7.8581,13.18,12.6113,2.0919,1
12/31/1979,6,7.8843,13.78,13.2939,2.3592,1
1/31/1980,6.3,8.1,13.82,13.9092,2.5342,1
2/29/1980,6.3,8.4773,14.13,14.1823,2.524,1
3/31/1980,6.3,8.0703,17.19,14.7564,2.5874,1
4/30/1980,6.9,7.1393,17.61,14.7309,2.4276,1
5/31/1980,7.5,7.2401,10.98,14.4056,2.1823,1
6/30/1980,7.6,7.4631,9.47,14.3845,2.0665,1
7/31/1980,7.8,7.7154,9.03,13.1327,1.5779,1
8/31/1980,7.7,7.9428,9.61,12.8726,1.4383,1
9/30/1980,7.5,8.2457,10.87,12.6005,1.3019,1
10/31/1980,7.5,8.5182,12.81,12.766,1.3094,1
11/30/1980,7.5,8.8615,15.85,12.6482,1.2282,1
12/31/1980,7.2,8.5567,18.9,12.5163,1.1462,1
1/31/1981,7.5,8.3766,19.08,11.8252,0.8955,0
2/28/1981,7.4,8.3032,15.93,11.4068,0.7362,0
3/31/1981,7.4,9.1212,14.7,10.4869,0.4213,0
4/30/1981,7.2,10.4513,15.72,10,0.2454,0
5/31/1981,7.5,10.0443,18.52,9.78,0.156,0
6/30/1981,7.5,9.227,19.1,9.5526,0.0627,0
7/31/1981,7.2,8.8256,19.04,10.7618,0.4386,0
8/31/1981,7.4,8.5046,17.82,10.8043,0.4296,0
9/30/1981,7.6,8.3863,15.87,10.9524,0.4556,0
10/31/1981,7.9,8.6446,15.08,10.1415,0.1523,0
11/30/1981,8.3,8.7918,13.31,9.5906,-0.0701,0
12/31/1981,8.5,9.7325,12.37,8.9224,-0.3437,0
1/31/1982,8.6,10.1749,13.22,8.3908,-0.5725,0
2/28/1982,8.9,9.625,14.78,7.6223,-0.8852,0
3/31/1982,9,9.1592,14.68,6.7797,-1.2134,0
4/30/1982,9.3,8.7211,14.94,6.5095,-1.3097,0
5/31/1982,9.4,9.0854,14.45,6.6815,-1.2432,0
6/30/1982,9.6,9.3217,14.15,7.064,-1.0997,0
7/31/1982,9.8,8.8947,12.59,6.441,-1.3316,0
8/31/1982,9.8,8.9063,10.12,5.8505,-1.5414,0
9/30/1982,10.1,8.9332,10.31,5.0429,-1.81,0
10/31/1982,10.4,8.5898,9.71,5.1392,-1.7451,0
11/30/1982,10.8,8.5018,9.2,4.5891,-1.8962,0
12/31/1982,10.8,8.5674,8.95,3.8298,-2.0937,0
1/31/1983,10.4,10.6756,8.68,3.7116,-2.0574,0
2/28/1983,10.4,12.5275,8.51,3.4884,-2.0607,0
3/31/1983,10.3,12.8016,8.77,3.5979,-1.9588,0
4/30/1983,10.2,12.4563,8.8,3.8988,-1.8104,0
5/31/1983,10.1,12.5427,8.63,3.5491,-1.8572,0
6/30/1983,10.1,12.4589,8.98,2.5773,-2.0618,0
7/31/1983,9.4,12.7382,9.37,2.4615,-2.0022,0
8/31/1983,9.5,12.3997,9.56,2.5589,-1.8907,0
9/30/1983,9.2,12.0964,9.45,2.8601,-1.7347,0
10/31/1983,8.8,12.2747,9.48,2.8513,-1.6679,0
11/30/1983,8.5,12.1357,9.34,3.2653,-1.5021,0
12/31/1983,8.3,11.4172,9.47,3.791,-1.3211,0
1/31/1984,8,9.1252,9.56,4.1922,-1.1812,0
2/29/1984,7.8,8.0829,9.59,4.5965,-1.0463,0
3/31/1984,7.8,7.9397,9.91,4.8008,-0.9655,0
4/30/1984,7.7,8.04,10.29,4.5639,-0.9934,0
5/31/1984,7.4,7.8802,10.32,4.2339,-1.0414,0
6/30/1984,7.2,7.8695,11.06,4.2211,-1.0112,0
7/31/1984,7.5,7.686,11.23,4.2042,-0.9826,0
8/31/1984,7.5,7.541,11.64,4.2914,-0.9298,0
9/30/1984,7.3,7.7381,11.3,4.2701,-0.9042,0
10/31/1984,7.4,7.6077,9.99,4.2574,-0.8773,0
11/30/1984,7.2,8.0055,9.43,4.0514,-0.8975,0
12/31/1984,7.3,8.6131,8.38,3.9487,-0.8932,0
1/31/1985,7.3,9.0824,8.35,3.5329,-0.9677,0
2/28/1985,7.2,9.077,8.5,3.5156,-0.9446,0
3/31/1985,7.2,8.7808,8.58,3.7037,-0.8722,0
4/30/1985,7.3,8.3816,8.27,3.6857,-0.8546,0
5/31/1985,7.2,8.4116,7.97,3.7718,-0.8089,0
6/30/1985,7.4,8.9161,7.53,3.7608,-0.7914,0
7/31/1985,7.4,9.2647,7.88,3.5543,-0.8286,0
8/31/1985,7.1,9.5768,7.9,3.3493,-0.8674,0
9/30/1985,7.1,9.4457,7.92,3.1429,-0.9088,0
10/31/1985,7.1,9.2567,7.99,3.2289,-0.8609,0
11/30/1985,7,8.6087,8.05,3.5138,-0.7459,0
12/31/1985,7,8.0515,8.27,3.7987,-0.6258,0
1/31/1986,6.7,7.2758,8.14,3.8863,-0.5708,0
2/28/1986,7.2,6.7457,7.86,3.1132,-0.8471,0
3/31/1986,7.2,7.0535,7.48,2.2556,-1.1643,0
4/30/1986,7.1,7.6787,6.99,1.5903,-1.4042,0
5/31/1986,7.2,8.1733,6.85,1.4911,-1.4134,0
6/30/1986,7.2,7.9748,6.92,1.7658,-1.2694,0
7/31/1986,7,8.1128,6.56,1.577,-1.3469,0
8/31/1986,6.9,8.2856,6.17,1.5741,-1.3556,0
9/30/1986,7,8.6061,5.89,1.7544,-1.294,0
10/31/1986,7,8.8898,5.85,1.4719,-1.4647,0
11/30/1986,6.9,9.0201,6.04,1.2844,-1.5941,0
12/31/1986,6.6,9.4659,6.91,1.0979,-1.7208,0
1/31/1987,6.6,9.6639,6.43,1.4599,-1.5033,0
2/28/1987,6.6,9.3358,6.1,2.1043,-1.0662,0
3/31/1987,6.6,8.7087,6.13,3.0331,-0.3849,0
4/30/1987,6.3,8.2063,6.37,3.7753,0.2024,0
5/31/1987,6.3,7.2772,6.85,3.8567,0.3172,0
6/30/1987,6.2,6.5106,6.73,3.653,0.2147,0
7/31/1987,6.1,5.8022,6.58,3.9269,0.5222,0
8/31/1987,6,5.3542,6.73,4.2844,0.9158,0
9/30/1987,5.9,4.9367,7.22,4.3557,1.0112,1
10/31/1987,6,4.7406,7.29,4.5331,1.214,1
11/30/1987,5.8,4.3535,6.69,4.529,1.2124,1
12/31/1987,5.7,3.607,6.77,4.4344,1.0986,1
1/31/1988,5.7,3.772,6.83,4.0468,0.7064,0
2/29/1988,5.7,4.4732,6.58,3.9427,0.5943,0
3/31/1988,5.7,4.9751,6.58,3.9251,0.5703,0
4/30/1988,5.4,5.1667,6.87,3.9042,0.5496,0
5/31/1988,5.6,5.5213,7.09,3.8904,0.5293,0
6/30/1988,5.4,5.9036,7.51,3.9648,0.5809,0
7/31/1988,5.4,6.0525,7.75,4.1301,0.718,0
8/31/1988,5.6,5.8748,8.01,4.021,0.5881,0
9/30/1988,5.4,5.6224,8.19,4.1739,0.7165,0
10/31/1988,5.4,5.3467,8.3,4.2498,0.7668,0
11/30/1988,5.3,5.7221,8.35,4.2461,0.7438,0
12/31/1988,5.3,5.7246,8.76,4.4194,0.8979,0
1/31/1989,5.4,5.0678,9.12,4.6672,1.1239,1
2/28/1989,5.2,4.2433,9.36,4.8276,1.2698,1
3/31/1989,5,3.7707,9.85,4.9785,1.4071,1
4/30/1989,5.2,3.2741,9.84,5.1238,1.5201,1
5/31/1989,5.2,2.9255,9.81,5.3617,1.6916,1
6/30/1989,5.3,3.0459,9.53,5.1695,1.475,1
7/31/1989,5.2,3.5695,9.24,4.9789,1.2745,1
8/31/1989,5.2,4.1463,8.99,4.7059,1.0159,1
9/30/1989,5.3,4.5859,9.02,4.3406,0.6856,0
10/31/1989,5.3,5.018,8.84,4.4925,0.8166,0
11/30/1989,5.4,5.1372,8.55,4.655,0.9474,0
12/31/1989,5.4,5.4983,8.45,4.6473,0.9241,0
1/31/1990,5.4,5.8529,8.23,5.2023,1.3683,1
2/28/1990,5.3,6.2496,8.24,5.2632,1.3732,1
3/31/1990,5.2,6.3473,8.28,5.233,1.306,1
4/30/1990,5.4,6.507,8.26,4.7116,0.846,0
5/31/1990,5.4,6.2757,8.18,4.3619,0.5429,0
6/30/1990,5.2,6.1363,8.29,4.6737,0.7869,0
7/31/1990,5.5,5.6382,8.15,4.8232,0.8878,0
8/31/1990,5.7,5.4515,8.13,5.618,1.4862,1
9/30/1990,5.9,5.2417,8.2,6.16,1.8342,1
10/31/1990,5.9,4.6627,8.11,6.2898,1.8438,1
11/30/1990,6.2,4.1266,7.81,6.2748,1.7501,1
12/31/1990,6.3,3.7843,7.31,6.1063,1.5615,1
1/31/1991,6.4,3.8177,6.91,5.6515,1.1922,1
2/28/1991,6.6,3.9412,6.25,5.3125,0.9172,0
3/31/1991,6.8,4.1315,6.12,4.8951,0.5916,0
4/30/1991,6.7,4.0855,5.91,4.8875,0.5607,0
5/31/1991,6.9,4.4492,5.78,4.9536,0.5854,0
6/30/1991,6.9,4.3003,5.9,4.6959,0.3593,0
7/31/1991,6.8,4.0813,5.82,4.4479,0.1288,0
8/31/1991,6.9,3.4855,5.66,3.7994,-0.4594,0
9/30/1991,6.9,3.0818,5.45,3.3911,-0.8694,0
10/31/1991,7,3.0927,5.21,2.9213,-1.3748,0
11/30/1991,7,3.1539,4.81,2.9895,-1.4222,0
12/31/1991,7.3,3.0686,4.43,3.0643,-1.503,0
1/31/1992,7.3,2.8439,4.03,2.6003,-2.1533,0
2/29/1992,7.4,2.89,4.06,2.819,-1.9795,0
3/31/1992,7.4,2.4685,3.98,3.1852,-1.5522,0
4/30/1992,7.4,2.0196,3.73,3.1805,-1.524,0
5/31/1992,7.6,1.6632,3.82,3.0236,-1.6603,0
6/30/1992,7.8,1.2381,3.76,3.0882,-1.5528,0
7/31/1992,7.7,1.1263,3.25,3.1571,-1.4372,0
8/31/1992,7.6,1.3055,3.3,3.1479,-1.4022,0
9/30/1992,7.6,1.6513,3.22,2.9883,-1.5227,0
10/31/1992,7.3,1.8958,3.1,3.2023,-1.2489,0
11/30/1992,7.4,1.8125,3.09,3.0479,-1.366,0
12/31/1992,7.4,1.5568,2.92,2.9007,-1.4667,0
1/31/1993,7.3,1.1209,3.02,3.2585,-1.0721,0
2/28/1993,7.1,0.4265,3.03,3.2468,-1.063,0
3/31/1993,7,0.2291,3.07,3.0869,-1.1979,0
4/30/1993,7.1,0.3412,2.96,3.2258,-1.0382,0
5/31/1993,7.1,1.1269,3,3.2212,-1.0235,0
6/30/1993,7,1.444,3.04,2.9957,-1.216,0
7/31/1993,6.9,1.4172,3.06,2.7758,-1.3857,0
8/31/1993,6.8,1.3799,3.03,2.7679,-1.3518,0
9/30/1993,6.7,1.2286,3.09,2.6893,-1.3796,0
10/31/1993,6.8,0.9609,2.99,2.7504,-1.281,0
11/30/1993,6.6,1.2724,3.02,2.6761,-1.3057,0
12/31/1993,6.5,1.4541,2.96,2.7484,-1.2006,0
1/31/1994,6.6,1.632,3.05,2.5245,-1.3503,0
2/28/1994,6.6,1.7924,3.25,2.5157,-1.3096,0
3/31/1994,6.5,2.0049,3.34,2.507,-1.2711,0
4/30/1994,6.4,2.052,3.56,2.3611,-1.3476,0
5/31/1994,6.1,1.5683,4.01,2.2885,-1.3618,0
6/30/1994,6.1,1.0777,4.25,2.4931,-1.1474,0
7/31/1994,6.1,1.3422,4.26,2.7701,-0.8803,0
8/31/1994,6,1.1609,4.47,2.9006,-0.743,0
9/30/1994,5.9,0.982,4.73,2.9635,-0.6681,0
10/31/1994,5.8,0.7984,4.76,2.6081,-0.9416,0
11/30/1994,5.6,0.4928,5.29,2.6749,-0.8559,0
12/31/1994,5.5,0.3425,5.45,2.6749,-0.8278,0
1/31/1995,5.6,0.5036,5.53,2.8044,-0.6912,0
2/28/1995,5.4,0.4086,5.92,2.863,-0.6151,0
3/31/1995,5.4,0.3161,5.98,2.8533,-0.5982,0
4/30/1995,5.8,0.5142,6.05,3.0529,-0.3996,0
5/31/1995,5.6,0.9568,6.01,3.1864,-0.2637,0
6/30/1995,5.6,1.9945,6,3.0405,-0.3738,0
7/31/1995,5.7,2.2705,5.85,2.7628,-0.6009,0
8/31/1995,5.7,2.9635,5.74,2.6174,-0.7106,0
9/30/1995,5.6,3.3275,5.8,2.5435,-0.7676,0
10/31/1995,5.5,3.7052,5.76,2.8094,-0.4801,0
11/30/1995,5.6,3.8053,5.8,2.6052,-0.7025,0
12/31/1995,5.6,4.1045,5.6,2.5384,-0.7973,0
1/31/1996,5.6,4.4525,5.56,2.7279,-0.5306,0
2/29/1996,5.5,4.9256,5.22,2.6508,-0.6439,0
3/31/1996,5.5,5.6085,5.31,2.8402,-0.2957,0
4/30/1996,5.6,5.6727,5.22,2.8966,-0.1477,0
5/31/1996,5.6,5.2608,5.24,2.8909,-0.1052,0
6/30/1996,5.3,4.8917,5.27,2.7541,-0.4324,0
7/31/1996,5.5,4.757,5.4,2.9508,0.2681,0
8/31/1996,5.1,4.3188,5.22,2.8777,0.0649,0
9/30/1996,5.2,4.2003,5.3,3.0026,0.6192,0
10/31/1996,5.2,4.4114,5.24,2.9928,0.5719,0
11/30/1996,5.4,4.8399,5.31,3.2552,1.6193,1
12/31/1996,5.4,5.2101,5.29,3.3225,1.8337,1
1/31/1997,5.3,5.118,5.25,3.044,0.6917,0
2/28/1997,5.2,5.0385,5.19,3.0342,0.6356,0
3/31/1997,5.2,4.7275,5.39,2.7617,-0.4363,0
4/30/1997,5.1,4.849,5.51,2.4952,-1.4667,0
5/31/1997,4.9,4.8415,5.5,2.235,-2.355,0
6/30/1997,5,4.9295,5.56,2.2974,-2.0056,0
7/31/1997,4.9,4.9985,5.52,2.2293,-2.1422,0
8/31/1997,4.8,5.6998,5.54,2.225,-2.0501,0
9/30/1997,4.9,5.8534,5.54,2.1546,-2.1669,0
10/31/1997,4.7,5.818,5.5,2.0846,-2.2762,0
11/30/1997,4.6,5.789,5.52,1.8285,-2.8594,0
12/31/1997,4.7,5.612,5.5,1.7024,-2.9469,0
1/31/1998,4.6,5.779,5.56,1.5713,-3.0357,0
2/28/1998,4.6,6.3074,5.51,1.4411,-3.0809,0
3/31/1998,4.7,6.555,5.49,1.375,-2.9546,0
4/30/1998,4.3,6.7888,5.45,1.4357,-2.6185,0
5/31/1998,4.4,7.076,5.49,1.6864,-1.9665,0
6/30/1998,4.5,7.1198,5.56,1.6843,-1.8771,0
7/31/1998,4.5,7.1332,5.54,1.6822,-1.794,0
8/31/1998,4.5,6.8555,5.55,1.6169,-1.8375,0
9/30/1998,4.6,7.4149,5.51,1.4888,-1.9866,0
10/31/1998,4.5,7.9052,5.07,1.4851,-1.8949,0
11/30/1998,4.4,8.2644,4.83,1.548,-1.6983,0
12/31/1998,4.4,8.4976,4.68,1.6119,-1.5177,0
1/31/1999,4.3,8.5499,4.63,1.6708,-1.3627,0
2/28/1999,4.4,8.2394,4.76,1.6059,-1.4262,0
3/31/1999,4.2,7.7364,4.81,1.7263,-1.1779,0
4/30/1999,4.3,7.7581,4.74,2.2769,-0.2197,0
5/31/1999,4.2,7.725,4.74,2.0885,-0.5397,0
6/30/1999,4.3,7.7412,4.76,1.9632,-0.7379,0
7/31/1999,4.3,7.8881,4.99,2.1446,-0.4082,0
8/31/1999,4.2,7.6619,5.07,2.2644,-0.1842,0
9/30/1999,4.2,7.0553,5.22,2.6284,0.4618,0
10/31/1999,4.1,6.6111,5.2,2.561,0.3453,0
11/30/1999,4.1,6.1013,5.42,2.622,0.4541,0
12/31/1999,4,6.0266,5.3,2.6846,0.5635,0
1/31/2000,4,6.0095,5.45,2.7389,0.6617,0
2/29/2000,4.1,5.7639,5.73,3.2219,1.4808,1
3/31/2000,4,6.2965,5.85,3.7576,2.2877,1
4/30/2000,3.8,6.8678,6.02,3.0686,1.1398,1
5/31/2000,4,6.0097,6.27,3.1889,1.3398,1
6/30/2000,4,5.8917,6.53,3.7304,2.1532,1
7/31/2000,4,5.6423,6.54,3.6593,1.953,1
8/31/2000,4.1,5.8603,6.5,3.4111,1.5149,1
9/30/2000,3.9,6.2708,6.52,3.4544,1.5269,1
10/31/2000,3.9,6.0683,6.51,3.4483,1.4771,1
11/30/2000,3.9,5.8762,6.51,3.4462,1.4282,1
12/31/2000,3.9,6.2165,6.4,3.3868,1.302,1
1/31/2001,4.2,6.6587,5.98,3.7322,1.7282,1
2/28/2001,4.2,7.1824,5.49,3.5336,1.4064,1
3/31/2001,4.3,7.7085,5.31,2.9206,0.5629,0
4/30/2001,4.4,7.7898,4.8,3.2691,1.0253,1
5/31/2001,4.3,8.0241,4.21,3.6152,1.456,1
6/30/2001,4.5,8.5198,3.97,3.2483,0.9468,0
7/31/2001,4.6,8.7429,3.77,2.7199,0.2496,0
8/31/2001,4.9,8.8059,3.65,2.7199,0.2535,0
9/30/2001,5,10.298,3.07,2.6482,0.1662,0
10/31/2001,5.3,9.7015,2.49,2.1264,-0.5137,0
11/30/2001,5.5,10.3404,2.09,1.8955,-0.7955,0
12/31/2001,5.7,10.4105,1.82,1.5517,-1.2157,0
1/31/2002,5.7,9.6959,1.73,1.1422,-1.689,0
2/28/2002,5.7,9.4337,1.74,1.1377,-1.6244,0
3/31/2002,5.7,8.4199,1.73,1.4756,-1.1488,0
4/30/2002,5.9,7.0653,1.75,1.6393,-0.9144,0
5/31/2002,5.8,7.6149,1.75,1.1818,-1.4473,0
6/30/2002,5.8,7.2042,1.75,1.0674,-1.5325,0
7/31/2002,5.8,7.4085,1.73,1.4648,-1.0217,0
8/31/2002,5.7,7.523,1.74,1.8028,-0.6016,0
9/30/2002,5.7,5.7364,1.75,1.5143,-0.9306,0
10/31/2002,5.7,6.7964,1.75,2.0259,-0.3155,0
11/30/2002,5.9,6.8768,1.34,2.1984,-0.1163,0
12/31/2002,6,6.2271,1.24,2.3769,0.0852,0
1/31/2003,5.8,6.4309,1.24,2.5974,0.3327,0
2/28/2003,5.9,6.5205,1.26,2.9809,0.7711,0
3/31/2003,5.9,6.6592,1.25,3.0201,0.791,0
4/30/2003,6,7.3315,1.26,2.2247,-0.2051,0
5/31/2003,6.1,7.9045,1.26,2.0578,-0.4224,0
6/30/2003,6.3,8.0832,1.22,2.1123,-0.3654,0
7/31/2003,6.2,8.0984,1.01,2.1099,-0.3795,0
8/31/2003,6.1,8.3162,1.03,2.1583,-0.3324,0
9/30/2003,6.1,7.3713,1.01,2.3204,-0.1452,0
10/31/2003,6,6.3604,1.01,2.0408,-0.5232,0
11/30/2003,5.8,5.5139,1,1.765,-0.8917,0
12/31/2003,5.7,5.0956,0.98,1.8795,-0.7518,0
1/31/2004,5.7,4.6436,1,1.9263,-0.6992,0
2/29/2004,5.6,4.6765,1.01,1.6931,-1.0119,0
3/31/2004,5.8,4.9313,1,1.7372,-0.9538,0
4/30/2004,5.6,4.9681,1,2.2851,-0.2273,0
5/31/2004,5.6,5.2033,1,3.0518,0.7661,0
6/30/2004,5.6,4.5932,1.03,3.2662,1.0158,1
7/31/2004,5.5,3.9987,1.26,2.9908,0.6338,0
8/31/2004,5.4,3.4483,1.43,2.6544,0.1835,0
9/30/2004,5.4,4.4803,1.61,2.5378,0.0322,0
10/31/2004,5.5,5.102,1.76,3.1892,0.8691,0
11/30/2004,5.4,5.4446,1.93,3.523,1.2678,1
12/31/2004,5.4,5.7738,2.16,3.2556,0.9048,0
1/31/2005,5.3,5.7348,2.28,2.9698,0.5332,0
2/28/2005,5.4,5.1814,2.5,3.0075,0.588,0
3/31/2005,5.2,4.7158,2.63,3.1483,0.7937,0
4/30/2005,5.2,4.2409,2.79,3.5106,1.2439,1
5/31/2005,5.1,3.2394,3,2.8027,0.3413,0
6/30/2005,5,3.7225,3.04,2.5303,0.0145,0
7/31/2005,5,4.0119,3.26,3.1679,0.8805,0
8/31/2005,4.9,4.0931,3.5,3.6412,1.4993,1
9/30/2005,5,4.0615,3.62,4.6867,2.7128,1
10/31/2005,5,4.1411,3.78,4.3478,2.1956,1
11/30/2005,5,3.9694,4,3.4555,1.1051,1
12/31/2005,4.9,4.0982,4.16,3.4157,1.0552,1
1/31/2006,4.7,4.654,4.29,3.9853,1.731,1
2/28/2006,4.8,4.9044,4.49,3.5975,1.2582,1
3/31/2006,4.7,4.9795,4.59,3.3626,0.9594,0
4/30/2006,4.7,5.3389,4.79,3.5457,1.1671,1
5/31/2006,4.6,5.1658,4.94,4.1667,1.8652,1
6/30/2006,4.6,5.2259,4.99,4.3188,1.9648,1
7/31/2006,4.7,5.3517,5.24,4.1453,1.6966,1
8/31/2006,4.7,5.3037,5.25,3.8187,1.2942,1
9/30/2006,4.5,5.1783,5.25,2.0624,-0.6174,0
10/31/2006,4.4,5.3867,5.25,1.3052,-1.4083,0
11/30/2006,4.5,5.6555,5.25,1.9737,-0.6912,0
12/31/2006,4.4,5.8672,5.24,2.5407,-0.0994,0
1/31/2007,4.6,5.7679,5.25,2.0756,-0.6353,0
2/28/2007,4.5,5.6211,5.26,2.4152,-0.2886,0
3/31/2007,4.4,5.8941,5.26,2.7788,0.1022,0
4/30/2007,4.5,6.3758,5.25,2.5737,-0.155,0
5/31/2007,4.4,6.4721,5.25,2.6909,-0.0485,0
6/30/2007,4.6,6.363,5.25,2.687,-0.0888,0
7/31/2007,4.7,6.1663,5.26,2.3582,-0.5289,0
8/31/2007,4.6,6.7838,5.02,1.9701,-1.0316,0
9/30/2007,4.7,6.6263,4.94,2.7551,-0.0543,0
10/31/2007,4.7,6.0897,4.76,3.5362,0.9372,0
11/30/2007,4.7,5.9155,4.49,4.3062,1.8546,1
12/31/2007,5,5.7031,4.24,4.0813,1.5052,1
1/31/2008,5,5.6093,3.94,4.2803,1.6799,1
2/29/2008,4.9,6.582,2.98,4.0266,1.3262,1
3/31/2008,5.1,7.0001,2.61,3.9815,1.2357,1
4/30/2008,5,6.5157,2.28,3.9369,1.1428,1
5/31/2008,5.4,6.4867,1.98,4.1755,1.3758,1
6/30/2008,5.6,6.2581,2,5.0218,2.2375,1
7/31/2008,5.8,6.4558,2.01,5.6001,2.677,1
8/31/2008,6.1,5.5577,2,5.3719,2.285,1
9/30/2008,6.1,6.197,1.81,4.9369,1.7521,1
10/31/2008,6.5,7.3623,0.97,3.6552,0.4256,0
11/30/2008,6.8,7.6941,0.39,1.0696,-2.1725,0
12/31/2008,7.3,9.631,0.16,0.0914,-2.9323,0
1/31/2009,7.8,10.2636,0.15,0.0298,-2.7897,0
2/28/2009,8.3,9.408,0.22,0.2362,-2.4808,0
3/31/2009,8.7,9.3399,0.18,-0.3836,-2.8051,0
4/30/2009,9,8.7984,0.15,-0.7369,-2.8394,0
5/31/2009,9.4,9.3716,0.18,-1.2814,-2.9446,0
6/30/2009,9.5,9.2366,0.21,-1.4268,-2.7847,0
7/31/2009,9.5,8.6286,0.16,-2.0972,-2.9196,0
8/31/2009,9.6,8.4191,0.16,-1.4843,-2.3884,0
9/30/2009,9.8,7.4828,0.15,-1.2862,-2.15,0
10/31/2009,10,6.4299,0.12,-0.1828,-1.4944,0
11/30/2009,9.9,6.1042,0.12,1.8383,-0.4075,0
12/31/2009,9.9,3.7477,0.12,2.7213,0.066,0
1/31/2010,9.8,2.2752,0.11,2.6257,0.0182,0
2/28/2010,9.8,2.5001,0.13,2.1433,-0.2305,0
3/31/2010,9.9,1.6335,0.16,2.314,-0.1325,0
4/30/2010,9.9,1.9508,0.2,2.2364,-0.1627,0
5/31/2010,9.6,1.8912,0.2,2.021,-0.2705,0
6/30/2010,9.4,1.9966,0.18,1.0533,-0.7687,0
7/31/2010,9.4,2.0794,0.18,1.2352,-0.6536,0
8/31/2010,9.5,2.6574,0.19,1.1481,-0.6772,0
9/30/2010,9.5,3.0384,0.19,1.1437,-0.654,0
10/31/2010,9.4,3.3058,0.19,1.1722,-0.6146,0
11/30/2010,9.8,3.1935,0.19,1.1432,-0.6095,0
12/31/2010,9.3,3.6464,0.18,1.4957,-0.404,0
1/31/2011,9.1,4.3312,0.17,1.6318,-0.3119,0
2/28/2011,9,4.4725,0.16,2.1076,-0.0415,0
3/31/2011,9,5.2008,0.14,2.6816,0.2774,0
4/30/2011,9.1,5.5558,0.1,3.1636,0.5448,0
5/31/2011,9,5.731,0.09,3.5686,0.7754,0
6/30/2011,9.1,6.3546,0.09,3.5588,0.7825,0
7/31/2011,9,8.0893,0.07,3.6287,0.8297,0
8/31/2011,9,9.6326,0.1,3.7712,0.9097,0
9/30/2011,9,9.4783,0.08,3.8684,0.9397,0
10/31/2011,8.8,9.2306,0.07,3.5252,0.7282,0
11/30/2011,8.6,9.5628,0.08,3.3944,0.641,0
12/31/2011,8.5,9.685,0.07,2.9624,0.3999,0
1/31/2012,8.3,10.2349,0.08,2.9252,0.3714,0
2/29/2012,8.3,10.0258,0.1,2.8711,0.3373,0
3/31/2012,8.2,9.8048,0.13,2.6514,0.2185,0
4/30/2012,8.2,9.6275,0.14,2.3027,0.0304,0
5/31/2012,8.2,9.2313,0.16,1.7043,-0.2877,0
6/30/2012,8.2,9.1133,0.16,1.664,-0.3003,0
7/31/2012,8.2,7.7848,0.16,1.4085,-0.4306,0
8/31/2012,8.1,6.4178,0.13,1.6924,-0.2731,0
9/30/2012,7.8,7.0328,0.14,1.9913,-0.1032,0
10/31/2012,7.8,7.3574,0.16,2.1623,0.0027,0
11/30/2012,7.7,7.4976,0.16,1.7641,-0.1947,0
12/31/2012,7.9,8.2357,0.16,1.741,-0.1878,0
1/31/2013,8,7.6622,0.14,1.5949,-0.2478,0
2/28/2013,7.7,7.2882,0.15,1.9779,-0.0111,0
3/31/2013,7.5,7.3805,0.14,1.4739,-0.2794,0
4/30/2013,7.6,7.0769,0.15,1.0631,-0.4945,0
5/31/2013,7.5,6.9567,0.11,1.362,-0.2964,0
6/30/2013,7.5,6.7842,0.09,1.7544,-0.0317,0
7/31/2013,7.3,6.6145,0.09,1.9607,0.1385,0
8/31/2013,7.2,6.4441,0.08,1.5184,-0.1102,0
9/30/2013,7.2,6.1997,0.08,1.1849,-0.3063,0
10/31/2013,7.2,6.7238,0.09,0.9636,-0.438,0
11/30/2013,6.9,6.0965,0.08,1.2371,-0.2439,0
12/31/2013,6.7,5.4743,0.09,1.5017,-0.0714,0
1/31/2014,6.6,5.9061,0.07,1.5789,-0.0345,0
2/28/2014,6.7,6.3386,0.07,1.1263,-0.3804,0
3/31/2014,6.7,6.1119,0.08,1.5122,-0.1208,0
4/30/2014,6.2,6.2601,0.09,1.9529,0.1828,0
5/31/2014,6.3,6.5239,0.09,2.1271,0.2875,0
6/30/2014,6.1,6.4663,0.1,2.0723,0.2079,0
7/31/2014,6.2,6.5871,0.09,1.9923,0.0889,0
8/31/2014,6.1,6.2366,0.09,1.6996,-0.2724,0
9/30/2014,5.9,6.0249,0.09,1.6579,-0.4149,0
10/31/2014,5.7,5.4974,0.09,1.6643,-0.4724,0
11/30/2014,5.8,5.7844,0.09,1.3224,-0.8933,0
12/31/2014,5.6,5.9206,0.12,0.7565,-1.5488,0
1/31/2015,5.7,6.0373,0.11,-0.0893,-2.432,0
2/28/2015,5.5,6.4597,0.11,-0.0251,-2.2134,0
3/31/2015,5.4,6.1021,0.11,-0.0736,-2.1379,0
4/30/2015,5.4,5.9801,0.12,-0.1995,-2.1444,0
5/31/2015,5.6,5.6186,0.12,-0.0399,-1.8801,0
6/30/2015,5.3,5.4631,0.13,0.1238,-1.664,0
7/31/2015,5.2,5.3399,0.13,0.1696,-1.5698,0
8/31/2015,5.1,5.5067,0.14,0.1951,-1.5037,0
9/30/2015,5,5.6599,0.14,-0.0361,-1.672,0
10/31/2015,5,5.4295,0.12,0.1706,-1.4374,0
11/30/2015,5.1,5.8469,0.12,0.5018,-1.109,0
12/31/2015,5,5.6982,0.24,0.7295,-0.8807,0
1/31/2016,4.8,6.0837,0.34,1.3731,-0.2846,0
2/29/2016,4.9,5.6494,0.38,1.0178,-0.5934,0
3/31/2016,5,6.0931,0.36,0.8525,-0.7193,0
4/30/2016,5.1,6.4536,0.37,1.1251,-0.4441,0
5/31/2016,4.8,6.7697,0.37,1.0193,-0.5174,0
6/30/2016,4.9,6.9118,0.38,0.9973,-0.513,0
7/31/2016,4.8,6.9756,0.39,0.8271,-0.6585,0
8/31/2016,4.9,7.2782,0.4,1.0629,-0.3887,0
9/30/2016,5,7.235,0.4,1.4638,0.0929,0
10/31/2016,4.9,7.3848,0.4,1.636,0.3454,0
11/30/2016,4.7,7.1844,0.41,1.6925,0.4735,0
12/31/2016,4.7,6.932,0.54,2.0746,1.0129,1
1/31/2017,4.7,6.3545,0.65,2.5,1.6134,1
2/28/2017,4.6,6.2736,0.66,2.738,1.9486,1
3/31/2017,4.4,6.3323,0.79,2.3806,1.4861,1
4/30/2017,4.4,6.1119,0.9,2.1997,1.2448,1
5/31/2017,4.4,5.9624,0.91,1.8749,0.7929,0
6/30/2017,4.3,5.6336,1.04,1.6335,0.4633,0
7/31/2017,4.3,5.6301,1.15,1.728,0.5838,0
8/31/2017,4.4,5.4008,1.16,1.939,0.8629,0
9/30/2017,4.3,5.2846,1.15,2.233,1.2497,1
10/31/2017,4.2,5.1482,1.15,2.0411,0.9961,0
11/30/2017,4.2,4.8092,1.16,2.2026,1.1942,1
12/31/2017,4.1,4.8971,1.3,2.1091,1.0531,1
1/31/2018,4,4.3795,1.41,2.0705,0.9839,0
2/28/2018,4.1,4.1295,1.42,2.2118,1.1598,1
3/31/2018,4,4.0756,1.51,2.3597,1.3156,1
4/30/2018,4,3.7761,1.69,2.4627,1.3967,1
5/31/2018,3.8,3.789,1.7,2.801,1.7503,1
6/30/2018,4,4.0668,1.82,2.8715,1.7683,1
7/31/2018,3.8,3.8838,1.91,2.9495,1.7976,1
8/31/2018,3.8,3.7976,1.91,2.6992,1.4514,1
9/30/2018,3.7,3.6894,1.95,2.277,0.9339,0
10/31/2018,3.8,3.3311,2.19,2.5225,1.1762,1
11/30/2018,3.8,3.2277,2.2,2.1766,0.7599,0
12/31/2018,3.9,3.6673,2.27,1.9102,0.4483,0
1/31/2019,4,4.0545,2.4,1.5512,0.0412,0
2/28/2019,3.8,4.0368,2.4,1.5201,-0.0015,0
3/31/2019,3.8,3.9367,2.41,1.8625,0.3808,0
4/30/2019,3.7,4.006,2.42,1.9964,0.5319,0
5/31/2019,3.6,4.2905,2.39,1.7902,0.3051,0
6/30/2019,3.6,4.6882,2.38,1.6485,0.1521,0
7/31/2019,3.7,5.0148,2.4,1.8115,0.3424,0
8/31/2019,3.6,5.2191,2.13,1.7498,0.2708,0
9/30/2019,3.5,5.637,2.04,1.7113,0.2257,0
10/31/2019,3.6,6.5015,1.83,1.764,0.284,0
11/30/2019,3.6,7.1251,1.55,2.0513,0.597,0
12/31/2019,3.6,6.7123,1.55,2.2851,0.8352,0
1/31/2020,3.6,6.7195,1.55,2.4866,1.0386,1
2/29/2020,3.5,6.8074,1.58,2.3349,0.837,0
3/31/2020,4.4,10.1031,0.65,1.5393,-0.1531,0
4/30/2020,14.8,16.8422,0.05,0.3291,-1.706,0
5/31/2020,13.2,21.8463,0.05,0.1179,-1.9918,0
6/30/2020,11,22.8123,0.08,0.6457,-1.3529,0
7/31/2020,10.2,23.1898,0.09,0.9861,-0.9519,0
8/31/2020,8.4,22.964,0.1,1.3096,-0.5616,0
9/30/2020,7.8,23.7183,0.09,1.3713,-0.5352,0
10/31/2020,6.9,23.6298,0.09,1.1821,-0.8705,0
11/30/2020,6.7,24.234,0.09,1.1745,-0.9217,0
12/31/2020,6.7,24.6625,0.09,1.362,-0.6587,0
1/31/2021,6.4,25.5753,0.09,1.3998,-0.5997,0
2/28/2021,6.2,26.7001,0.08,1.6762,-0.1803,0
3/31/2021,6.1,23.9443,0.07,2.6198,1.2964,1
4/30/2021,6.1,18.5519,0.07,4.1597,3.3604,1
5/31/2021,5.8,14.4157,0.06,4.9927,3.9037,1
6/30/2021,5.9,12.8636,0.08,5.3915,3.7928,1
7/31/2021,5.4,12.738,0.1,5.3655,3.354,1
8/31/2021,5.1,13.3248,0.09,5.2513,2.9471,1
9/30/2021,4.7,12.8104,0.08,5.3903,2.8142,1
10/31/2021,4.5,12.7543,0.08,6.2219,3.1744,1
11/30/2021,4.2,12.3204,0.08,6.809,3.2455,1
12/31/2021,3.9,12.2217,0.08,7.0364,3.0688,1
1/31/2022,4,11.5038,0.08,7.4799,3.0363,1
2/28/2022,3.8,10.6564,0.08,7.8711,2.9696,1
3/31/2022,3.7,9.575,0.2,8.5425,3.0223,1
4/30/2022,3.7,7.8827,0.33,8.2586,2.6478,1
5/31/2022,3.6,6.183,0.77,8.5815,2.5916,1
6/30/2022,3.6,5.7041,1.21,9.0598,2.5977,1
7/31/2022,3.5,4.9111,1.68,8.5248,2.2223,1
8/31/2022,3.6,3.8234,2.33,8.2627,2.0013,1
9/30/2022,3.5,2.5855,2.56,8.2017,1.8797,1
10/31/2022,3.6,1.3319,3.08,7.7454,1.6297,1
11/30/2022,3.6,0.1886,3.78,7.1103,1.3373,1
12/31/2022,3.5,-1.1755,4.1,6.4544,1.055,1
1/31/2023,3.5,-1.7668,4.33,6.4101,1.0055,1
2/28/2023,3.6,-2.3039,4.57,6.0356,0.8393,0
3/31/2023,3.5,-3.8883,4.65,4.985,0.4334,0
4/30/2023,3.4,-4.6892,4.83,4.9303,0.3982,0
5/31/2023,3.6,-4.0977,5.06,4.0476,0.0624,0
6/30/2023,3.6,-3.9727,5.08,2.9692,-0.3398,0
7/31/2023,3.5,-4.0181,5.12,3.1778,-0.2636,0
8/31/2023,3.7,-3.9788,5.33,3.6651,-0.0882,0
9/30/2023,3.8,-3.7205,5.33,3.6997,-0.0844,0
10/31/2023,3.9,-3.4395,5.33,3.2411,-0.261,0
11/30/2023,3.7,-3.094,5.33,3.1373,-0.3069,0
12/31/2023,3.8,-2.4398,5.33,3.3521,-0.2362,0
1/31/2024,3.7,-2.0386,5.33,3.0909,-0.3468,0
2/29/2024,3.9,-1.5303,5.33,3.1532,-0.3357,0
3/31/2024,3.9,0.1174,5.33,3.4774,-0.2231,0
4/30/2024,3.9,0.9768,5.33,3.3574,-0.2794,0
5/31/2024,4,0.9408,5.33,3.269,-0.325,0
6/30/2024,4.1,1.3598,5.33,2.9714,-0.4521,0
7/31/2024,4.2,1.568,5.33,2.8948,-0.4917,0
8/31/2024,4.2,2.1097,5.33,2.5307,-0.6426,0
9/30/2024,4.1,2.6611,5.13,2.4406,-0.6858,0
10/31/2024,4.1,3.0724,4.83,2.5979,-0.6317,0
11/30/2024,4.2,3.5146,4.64,2.7494,-0.578,0
12/31/2024,4.1,3.5766,4.48,2.8881,-0.5279,0
1/31/2025,4,3.5946,4.33,3.0005,-0.4873,0
2/28/2025,4.1,3.6062,4.33,2.8215,-0.5637,0
3/31/2025,4.2,3.8514,4.33,2.3907,-0.7468,0
4/30/2025,4.2,4.4424,4.33,2.3113,-0.8054,0
5/31/2025,4.2,4.5006,4.33,2.3549,-0.819,0
